{"v":"5.6.5","fr":60,"ip":0,"op":240,"w":1000,"h":1000,"nm":"Coffee","ddd":0,"assets":[],"layers":[{"ddd":0,"ind":1,"ty":3,"nm":"▽ Coffee","sr":1,"ks":{"p":{"a":0,"k":[500,500,0]},"a":{"a":0,"k":[500,500,0]}},"ao":0,"ip":0,"op":240,"st":0,"bm":0},{"ddd":0,"ind":3,"ty":4,"nm":"Path","parent":1,"sr":1,"ks":{"p":{"a":0,"k":[538.4,224.45,0]}},"ao":0,"shapes":[{"ty":"gr","it":[{"ind":0,"ty":"sh","ks":{"a":0,"k":{"i":[[0,0],[0,-12.7]],"o":[[0,0],[0,0]],"v":[[6,-13.35],[-6,13.35]],"c":false}},"nm":"Path 1","hd":false},{"ty":"st","c":{"a":0,"k":[0.278430998325,0.278430998325,0.278430998325,1]},"o":{"a":0,"k":100},"w":{"a":0,"k":6},"lc":2,"lj":2,"bm":0,"nm":"Stroke 1","hd":false},{"ty":"tr","p":{"a":0,"k":[0,0]},"a":{"a":0,"k":[0,0]},"s":{"a":0,"k":[100,100]},"r":{"a":0,"k":0},"o":{"a":0,"k":100},"sk":{"a":0,"k":0},"sa":{"a":0,"k":0},"nm":"Transform"}],"nm":"Path","bm":0,"hd":false},{"ty":"tm","s":{"a":1,"k":[{"i":{"x":[0.667],"y":[1]},"o":{"x":[0.333],"y":[0]},"t":90,"s":[100]},{"t":120,"s":[0]}]},"e":{"a":1,"k":[{"i":{"x":[0.667],"y":[1]},"o":{"x":[0.333],"y":[0]},"t":120,"s":[100]},{"t":150,"s":[0]}]},"o":{"a":0,"k":0},"m":1,"nm":"Trim Paths 1","hd":false}],"ip":90,"op":150,"st":90,"bm":0},{"ddd":0,"ind":4,"ty":4,"nm":"Path 2","parent":1,"sr":1,"ks":{"p":{"a":0,"k":[587.396,207.15,0]}},"ao":0,"shapes":[{"ty":"gr","it":[{"ind":0,"ty":"sh","ks":{"a":0,"k":{"i":[[0,0],[5.2,-9.6],[1.2,-17.6],[-2.7,-4.4]],"o":[[6.1,25.3],[-9.5,17.5],[-0.6,8.3],[0,0]],"v":[[14.303,-56.05],[10.803,-5.55],[-17.197,36.35],[-11.797,56.05]],"c":false}},"nm":"Path 1","hd":false},{"ty":"st","c":{"a":0,"k":[0.278430998325,0.278430998325,0.278430998325,1]},"o":{"a":0,"k":100},"w":{"a":0,"k":6},"lc":2,"lj":2,"bm":0,"nm":"Stroke 1","hd":false},{"ty":"tr","p":{"a":0,"k":[0,0]},"a":{"a":0,"k":[0,0]},"s":{"a":0,"k":[100,100]},"r":{"a":0,"k":0},"o":{"a":0,"k":100},"sk":{"a":0,"k":0},"sa":{"a":0,"k":0},"nm":"Transform"}],"nm":"Path","bm":0,"hd":false},{"ty":"tm","s":{"a":1,"k":[{"i":{"x":[0.667],"y":[1]},"o":{"x":[0.333],"y":[0]},"t":120,"s":[100]},{"t":179,"s":[0]}]},"e":{"a":1,"k":[{"i":{"x":[0.667],"y":[1]},"o":{"x":[0.333],"y":[0]},"t":179,"s":[100]},{"t":238,"s":[0]}]},"o":{"a":0,"k":0},"m":1,"nm":"Trim Paths 1","hd":false}],"ip":120,"op":241,"st":120,"bm":0},{"ddd":0,"ind":5,"ty":4,"nm":"Path","parent":1,"sr":1,"ks":{"p":{"a":0,"k":[587.396,207.15,0]}},"ao":0,"shapes":[{"ty":"gr","it":[{"ind":0,"ty":"sh","ks":{"a":0,"k":{"i":[[0,0],[5.2,-9.6],[1.2,-17.6],[-2.7,-4.4]],"o":[[6.1,25.3],[-9.5,17.5],[-0.6,8.3],[0,0]],"v":[[14.303,-56.05],[10.803,-5.55],[-17.197,36.35],[-11.797,56.05]],"c":false}},"nm":"Path 1","hd":false},{"ty":"st","c":{"a":0,"k":[0.278430998325,0.278430998325,0.278430998325,1]},"o":{"a":0,"k":100},"w":{"a":0,"k":6},"lc":2,"lj":2,"bm":0,"nm":"Stroke 1","hd":false},{"ty":"tr","p":{"a":0,"k":[0,0]},"a":{"a":0,"k":[0,0]},"s":{"a":0,"k":[100,100]},"r":{"a":0,"k":0},"o":{"a":0,"k":100},"sk":{"a":0,"k":0},"sa":{"a":0,"k":0},"nm":"Transform"}],"nm":"Path","bm":0,"hd":false},{"ty":"tm","s":{"a":1,"k":[{"i":{"x":[0.667],"y":[1]},"o":{"x":[0.333],"y":[0]},"t":0,"s":[100]},{"t":60,"s":[0]}]},"e":{"a":1,"k":[{"i":{"x":[0.667],"y":[1]},"o":{"x":[0.333],"y":[0]},"t":60,"s":[100]},{"t":121,"s":[0]}]},"o":{"a":0,"k":0},"m":1,"nm":"Trim Paths 1","hd":false}],"ip":0,"op":121,"st":0,"bm":0},{"ddd":0,"ind":6,"ty":4,"nm":"Path 4","parent":1,"sr":1,"ks":{"p":{"a":0,"k":[562.301,258.049,0]}},"ao":0,"shapes":[{"ty":"gr","it":[{"ind":0,"ty":"sh","ks":{"a":0,"k":{"i":[[0,0],[6.6,-12.7],[-1.6,-12.3],[-1.2,-14.6],[6.7,-9.4]],"o":[[-7.8,10.9],[-1.8,3.5],[2.1,16.2],[0.5,6.6],[0,0]],"v":[[14.401,-55.65],[-8.599,-29.35],[-14.099,-3.35],[1.401,31.65],[-6.599,55.65]],"c":false}},"nm":"Path 1","hd":false},{"ty":"st","c":{"a":0,"k":[0.278430998325,0.278430998325,0.278430998325,1]},"o":{"a":0,"k":100},"w":{"a":0,"k":6},"lc":2,"lj":2,"bm":0,"nm":"Stroke 1","hd":false},{"ty":"tr","p":{"a":0,"k":[0,0]},"a":{"a":0,"k":[0,0]},"s":{"a":0,"k":[100,100]},"r":{"a":0,"k":0},"o":{"a":0,"k":100},"sk":{"a":0,"k":0},"sa":{"a":0,"k":0},"nm":"Transform"}],"nm":"Path","bm":0,"hd":false},{"ty":"tm","s":{"a":1,"k":[{"i":{"x":[0.667],"y":[1]},"o":{"x":[0.333],"y":[0]},"t":150,"s":[100]},{"t":195,"s":[0]}]},"e":{"a":1,"k":[{"i":{"x":[0.667],"y":[1]},"o":{"x":[0.333],"y":[0]},"t":195,"s":[100]},{"t":239,"s":[0]}]},"o":{"a":0,"k":0},"m":1,"nm":"Trim Paths 1","hd":false}],"ip":150,"op":248,"st":90,"bm":0},{"ddd":0,"ind":7,"ty":4,"nm":"Path","parent":1,"sr":1,"ks":{"p":{"a":0,"k":[562.301,258.049,0]}},"ao":0,"shapes":[{"ty":"gr","it":[{"ind":0,"ty":"sh","ks":{"a":0,"k":{"i":[[0,0],[6.6,-12.7],[-1.6,-12.3],[-1.2,-14.6],[6.7,-9.4]],"o":[[-7.8,10.9],[-1.8,3.5],[2.1,16.2],[0.5,6.6],[0,0]],"v":[[14.401,-55.65],[-8.599,-29.35],[-14.099,-3.35],[1.401,31.65],[-6.599,55.65]],"c":false}},"nm":"Path 1","hd":false},{"ty":"st","c":{"a":0,"k":[0.278430998325,0.278430998325,0.278430998325,1]},"o":{"a":0,"k":100},"w":{"a":0,"k":6},"lc":2,"lj":2,"bm":0,"nm":"Stroke 1","hd":false},{"ty":"tr","p":{"a":0,"k":[0,0]},"a":{"a":0,"k":[0,0]},"s":{"a":0,"k":[100,100]},"r":{"a":0,"k":0},"o":{"a":0,"k":100},"sk":{"a":0,"k":0},"sa":{"a":0,"k":0},"nm":"Transform"}],"nm":"Path","bm":0,"hd":false},{"ty":"tm","s":{"a":1,"k":[{"i":{"x":[0.667],"y":[1]},"o":{"x":[0.333],"y":[0]},"t":30,"s":[100]},{"t":90,"s":[0]}]},"e":{"a":1,"k":[{"i":{"x":[0.667],"y":[1]},"o":{"x":[0.333],"y":[0]},"t":90,"s":[100]},{"t":151,"s":[0]}]},"o":{"a":0,"k":0},"m":1,"nm":"Trim Paths 1","hd":false}],"ip":30,"op":151,"st":-30,"bm":0},{"ddd":0,"ind":8,"ty":3,"nm":"▽ Cup","parent":1,"sr":1,"ks":{"p":{"a":0,"k":[499.762,538.699,0]},"a":{"a":0,"k":[140.5,211,0]}},"ao":0,"ip":0,"op":240,"st":0,"bm":0},{"ddd":0,"ind":9,"ty":4,"nm":"Path","parent":8,"sr":1,"ks":{"p":{"a":0,"k":[104.358,308.703,0]}},"ao":0,"shapes":[{"ty":"gr","it":[{"ind":0,"ty":"sh","ks":{"a":0,"k":{"i":[[-5.6,-2.7],[-2.8,0.3],[-0.8,2.6],[0.9,0.9],[2,-1],[0.1,0],[-7,-5.9],[-2.8,0.7],[-0.9,3.2],[1,1.3],[-0.1,0.5],[-1.9,-0.5],[0.9,-4.7],[1,-0.7],[4,1.2],[0.6,1.4],[-11.5,3.6],[-2.6,-2.9],[2.5,-2.8],[1.1,-0.1],[2,0.6],[2.8,0.5],[1.8,1.3],[-3,1.7]],"o":[[4.3,2.1],[2.2,-0.3],[0.3,-1],[-1.4,-1.5],[0,0],[-8.7,4.7],[1.8,1.5],[0.4,-0.1],[0.4,-1.6],[-1.3,-1.5],[0,-0.5],[3.6,0.9],[-0.8,4],[-3.6,2.6],[-6.8,-2.1],[-4.9,-12.6],[0.8,-0.3],[2.2,2.5],[-2.8,3.2],[-2,0.1],[-5.1,-1.4],[-5.4,-0.8],[-1.6,-1.2],[2.9,-1.7]],"v":[[-2.025,-13.5],[6.475,-10.3],[12.375,-14.5],[11.975,-18.2],[5.075,-17.7],[4.875,-17.6],[0.475,11.8],[7.875,13.8],[12.675,9.6],[11.775,4.8],[8.675,2.7],[12.675,1.9],[18.075,13],[13.175,20],[0.875,22],[-9.125,11.7],[6.675,-21.7],[16.275,-21],[14.775,-10.6],[6.875,-7.1],[1.375,-8],[-6.825,-11.5],[-17.425,-8.4],[-15.325,-16.8]],"c":true}},"nm":"Path 1","hd":false},{"ty":"fl","c":{"a":0,"k":[0.964706003666,0.97647100687,0.894118010998,1]},"o":{"a":0,"k":100},"r":1,"bm":0,"nm":"Fill 1","hd":false},{"ty":"tr","p":{"a":0,"k":[0,0]},"a":{"a":0,"k":[0,0]},"s":{"a":0,"k":[100,100]},"r":{"a":0,"k":0},"o":{"a":0,"k":100},"sk":{"a":0,"k":0},"sa":{"a":0,"k":0},"nm":"Transform"}],"nm":"Path","bm":0,"hd":false}],"ip":0,"op":240,"st":0,"bm":0},{"ddd":0,"ind":10,"ty":4,"nm":"Path","parent":8,"sr":1,"ks":{"p":{"a":0,"k":[152.757,295.651,0]}},"ao":0,"shapes":[{"ty":"gr","it":[{"ind":0,"ty":"sh","ks":{"a":0,"k":{"i":[[0.6,0.6],[1.2,-1.2],[6.7,-6.6],[-0.8,-0.9],[-1.8,0.2],[-1.6,0.2],[-6.3,-1.4],[-3,3.8],[0.8,1.6]],"o":[[-0.1,1.3],[-6.9,6.6],[-1.5,1.4],[0.4,0.4],[1.6,-0.2],[4,-0.4],[1.6,0.3],[0.4,-0.5],[-0.7,-0.7]],"v":[[19.585,-2.947],[17.885,1.153],[-19.515,-4.147],[-21.415,1.353],[-18.515,1.353],[-13.615,1.053],[2.785,4.453],[19.985,3.553],[21.485,-1.047]],"c":true}},"nm":"Path 1","hd":false},{"ty":"fl","c":{"a":0,"k":[0.964706003666,0.97647100687,0.894118010998,1]},"o":{"a":0,"k":100},"r":1,"bm":0,"nm":"Fill 1","hd":false},{"ty":"tr","p":{"a":0,"k":[0,0]},"a":{"a":0,"k":[0,0]},"s":{"a":0,"k":[100,100]},"r":{"a":0,"k":0},"o":{"a":0,"k":100},"sk":{"a":0,"k":0},"sa":{"a":0,"k":0},"nm":"Transform"}],"nm":"Path","bm":0,"hd":false}],"ip":0,"op":240,"st":0,"bm":0},{"ddd":0,"ind":11,"ty":4,"nm":"Path","parent":8,"sr":1,"ks":{"p":{"a":0,"k":[183.836,314.082,0]}},"ao":0,"shapes":[{"ty":"gr","it":[{"ind":0,"ty":"sh","ks":{"a":0,"k":{"i":[[2,-0.5],[0.7,0.5],[-2.2,2.7],[-1.4,-0.5],[0,-0.7],[2,-0.2],[0.7,0.3],[-0.1,-0.2],[-1.5,0.2],[-1,3.5],[1.6,1.8],[2.1,-0.8],[-3.4,-3.5],[-2.1,1.9],[0.4,0.3]],"o":[[-0.8,0.2],[-1.9,-1.4],[0.3,-0.4],[0.7,0.2],[-0.1,1.6],[-1.5,0.2],[-0.8,1.1],[0.5,1.5],[2.6,-0.2],[0.1,-0.4],[-1.8,-2],[-5.9,2.4],[2,2],[1.5,-1.3],[-0.4,-0.2]],"v":[[0.6,5.923],[-2,5.623],[-0.9,-3.177],[2.5,-5.177],[3.7,-3.477],[-1.1,-0.477],[-4.6,-0.977],[-5.2,1.123],[-0.3,2.623],[7.2,-2.677],[6.5,-7.777],[-0.8,-8.577],[-6,7.623],[2.5,7.923],[3.9,4.023]],"c":true}},"nm":"Path 1","hd":false},{"ty":"fl","c":{"a":0,"k":[0.964706003666,0.97647100687,0.894118010998,1]},"o":{"a":0,"k":100},"r":1,"bm":0,"nm":"Fill 1","hd":false},{"ty":"tr","p":{"a":0,"k":[0,0]},"a":{"a":0,"k":[0,0]},"s":{"a":0,"k":[100,100]},"r":{"a":0,"k":0},"o":{"a":0,"k":100},"sk":{"a":0,"k":0},"sa":{"a":0,"k":0},"nm":"Transform"}],"nm":"Path","bm":0,"hd":false}],"ip":0,"op":240,"st":0,"bm":0},{"ddd":0,"ind":12,"ty":4,"nm":"Path","parent":8,"sr":1,"ks":{"p":{"a":0,"k":[169.102,312.318,0]}},"ao":0,"shapes":[{"ty":"gr","it":[{"ind":0,"ty":"sh","ks":{"a":0,"k":{"i":[[2.3,-0.5],[0.9,0.6],[-2.6,3.1],[-2.1,-0.7],[0,-0.7],[3.1,-0.2],[0.8,0.3],[-0.1,-0.3],[-0.6,0.1],[-1.4,5.1],[1.8,1.6],[0.5,-0.3],[-3.6,-3.6],[-2.4,2.3],[0.5,0.3]],"o":[[-0.9,0.2],[-2.1,-1.5],[0.4,-0.4],[0.6,0.2],[0.1,1.7],[-1.7,0.1],[-0.9,1.3],[0.6,1.9],[0.4,0],[0.5,-1.9],[-2.6,-2.2],[-7.1,2.8],[2.1,2.1],[1.6,-1.6],[-0.3,0]],"v":[[0.238,6.384],[-2.762,5.984],[-1.562,-3.916],[3.238,-6.216],[4.638,-4.716],[-1.862,-0.916],[-5.762,-1.516],[-6.462,0.884],[-0.962,2.584],[8.338,-3.016],[6.738,-9.216],[-0.362,-9.616],[-7.062,8.984],[2.338,8.484],[3.838,4.084]],"c":true}},"nm":"Path 1","hd":false},{"ty":"fl","c":{"a":0,"k":[0.964706003666,0.97647100687,0.894118010998,1]},"o":{"a":0,"k":100},"r":1,"bm":0,"nm":"Fill 1","hd":false},{"ty":"tr","p":{"a":0,"k":[0,0]},"a":{"a":0,"k":[0,0]},"s":{"a":0,"k":[100,100]},"r":{"a":0,"k":0},"o":{"a":0,"k":100},"sk":{"a":0,"k":0},"sa":{"a":0,"k":0},"nm":"Transform"}],"nm":"Path","bm":0,"hd":false}],"ip":0,"op":240,"st":0,"bm":0},{"ddd":0,"ind":13,"ty":4,"nm":"Path","parent":8,"sr":1,"ks":{"p":{"a":0,"k":[159.345,310.376,0]}},"ao":0,"shapes":[{"ty":"gr","it":[{"ind":0,"ty":"sh","ks":{"a":0,"k":{"i":[[1.4,0.9],[-1.1,23.5],[-3.3,2.3],[-2.3,-0.4],[-1,-0.9],[0.1,-0.3],[1.2,-0.2],[1.3,-1.4],[0,0],[2.4,-1.7]],"o":[[-1.8,-1.2],[0.3,-6.5],[0.7,-0.5],[0.5,0.1],[1.6,1.6],[-0.5,-0.3],[0,0],[-3.3,3.6],[0.3,12.4],[-1.2,0.9]],"v":[[-6.805,21.529],[-6.005,-5.971],[-1.005,-20.671],[3.895,-22.071],[6.495,-20.871],[7.495,-16.471],[4.795,-16.971],[2.095,-15.371],[-0.805,3.029],[-2.305,21.429]],"c":true}},"nm":"Path 1","hd":false},{"ty":"fl","c":{"a":0,"k":[0.964706003666,0.97647100687,0.894118010998,1]},"o":{"a":0,"k":100},"r":1,"bm":0,"nm":"Fill 1","hd":false},{"ty":"tr","p":{"a":0,"k":[0,0]},"a":{"a":0,"k":[0,0]},"s":{"a":0,"k":[100,100]},"r":{"a":0,"k":0},"o":{"a":0,"k":100},"sk":{"a":0,"k":0},"sa":{"a":0,"k":0},"nm":"Transform"}],"nm":"Path","bm":0,"hd":false}],"ip":0,"op":240,"st":0,"bm":0},{"ddd":0,"ind":14,"ty":4,"nm":"Path","parent":8,"sr":1,"ks":{"p":{"a":0,"k":[148.989,307.264,0]}},"ao":0,"shapes":[{"ty":"gr","it":[{"ind":0,"ty":"sh","ks":{"a":0,"k":{"i":[[1.6,1],[-1.2,27.2],[-3.9,2.7],[-2.7,-0.4],[-1,-1.1],[0.1,-0.2],[1.4,-0.2],[1.5,-1.6],[0,0],[2.8,-2]],"o":[[-2.1,-1.4],[0.3,-7.5],[0.8,-0.5],[0.6,0.1],[1.9,1.9],[-0.6,-0.3],[0,0],[-3.8,4.1],[0.4,14.3],[-1.3,1.1]],"v":[[-7.848,24.932],[-6.948,-6.868],[-1.148,-23.868],[4.552,-25.568],[7.452,-24.168],[8.652,-19.168],[5.552,-19.768],[2.452,-17.868],[-0.948,3.432],[-2.648,24.732]],"c":true}},"nm":"Path 1","hd":false},{"ty":"fl","c":{"a":0,"k":[0.964706003666,0.97647100687,0.894118010998,1]},"o":{"a":0,"k":100},"r":1,"bm":0,"nm":"Fill 1","hd":false},{"ty":"tr","p":{"a":0,"k":[0,0]},"a":{"a":0,"k":[0,0]},"s":{"a":0,"k":[100,100]},"r":{"a":0,"k":0},"o":{"a":0,"k":100},"sk":{"a":0,"k":0},"sa":{"a":0,"k":0},"nm":"Transform"}],"nm":"Path","bm":0,"hd":false}],"ip":0,"op":240,"st":0,"bm":0},{"ddd":0,"ind":15,"ty":4,"nm":"Shape","parent":8,"sr":1,"ks":{"p":{"a":0,"k":[132.756,310.178,0]}},"ao":0,"shapes":[{"ty":"gr","it":[{"ind":0,"ty":"sh","ks":{"a":0,"k":{"i":[[0.7,-0.7],[-4.1,-3.3],[-2.2,0.1],[-0.9,3.4],[4,0.7]],"o":[[-4.6,4.4],[0.3,0.2],[3.8,-0.1],[1.4,-5.4],[-2.5,-0.4]],"v":[[-3.819,-7.878],[-4.519,8.922],[-0.519,10.322],[7.081,2.622],[1.581,-10.278]],"c":true}},"nm":"Path 1","hd":false},{"ind":1,"ty":"sh","ks":{"a":0,"k":{"i":[[1,-2.6],[1.4,-0.2],[0.1,0.1],[-1.2,2.7],[-0.4,-0.1]],"o":[[-0.1,0.3],[-0.9,0.1],[-1.2,-1.1],[0.8,-1.2],[1.4,0]],"v":[[2.281,2.024],[0.181,4.324],[-1.52,3.724],[-1.419,-2.576],[0.381,-3.976]],"c":true}},"nm":"Path 2","hd":false},{"ty":"mm","mm":1,"nm":"Merge Paths 1","hd":false},{"ty":"fl","c":{"a":0,"k":[0.964706003666,0.97647100687,0.894118010998,1]},"o":{"a":0,"k":100},"r":1,"bm":0,"nm":"Fill 1","hd":false},{"ty":"tr","p":{"a":0,"k":[0,0]},"a":{"a":0,"k":[0,0]},"s":{"a":0,"k":[100,100]},"r":{"a":0,"k":0},"o":{"a":0,"k":100},"sk":{"a":0,"k":0},"sa":{"a":0,"k":0},"nm":"Transform"}],"nm":"Shape","bm":0,"hd":false}],"ip":0,"op":240,"st":0,"bm":0},{"ddd":0,"ind":16,"ty":4,"nm":"Path","parent":8,"sr":1,"ks":{"p":{"a":0,"k":[163.464,206.875,0]}},"ao":0,"shapes":[{"ty":"gr","it":[{"ind":0,"ty":"sh","ks":{"a":0,"k":{"i":[[11.9,-7.6],[-0.1,-24.4],[1,-15.5],[-12.3,22.1]],"o":[[0,0],[0,13.6],[-0.7,10.8],[21.5,-39]],"v":[[-6.227,-41.671],[-23.427,-10.471],[-13.927,32.329],[16.173,28.229]],"c":true}},"nm":"Path 1","hd":false},{"ty":"fl","c":{"a":0,"k":[0.964706003666,0.97647100687,0.894118010998,1]},"o":{"a":0,"k":100},"r":1,"bm":0,"nm":"Fill 1","hd":false},{"ty":"tr","p":{"a":0,"k":[0,0]},"a":{"a":0,"k":[0,0]},"s":{"a":0,"k":[100,100]},"r":{"a":0,"k":0},"o":{"a":0,"k":100},"sk":{"a":0,"k":0},"sa":{"a":0,"k":0},"nm":"Transform"}],"nm":"Path","bm":0,"hd":false}],"ip":0,"op":240,"st":0,"bm":0},{"ddd":0,"ind":17,"ty":4,"nm":"Path","parent":8,"sr":1,"ks":{"p":{"a":0,"k":[119.342,204.47,0]}},"ao":0,"shapes":[{"ty":"gr","it":[{"ind":0,"ty":"sh","ks":{"a":0,"k":{"i":[[-26.5,-9.9],[-12,-31.2],[3.5,-3.3],[7.6,24.6]],"o":[[11.8,6.7],[8.2,21.3],[-3.5,3.3],[-12.4,-33.8]],"v":[[20.691,-43.67],[14.591,2.43],[18.091,44.23],[-20.409,19.03]],"c":true}},"nm":"Path 1","hd":false},{"ty":"fl","c":{"a":0,"k":[0.964706003666,0.97647100687,0.894118010998,1]},"o":{"a":0,"k":100},"r":1,"bm":0,"nm":"Fill 1","hd":false},{"ty":"tr","p":{"a":0,"k":[0,0]},"a":{"a":0,"k":[0,0]},"s":{"a":0,"k":[100,100]},"r":{"a":0,"k":0},"o":{"a":0,"k":100},"sk":{"a":0,"k":0},"sa":{"a":0,"k":0},"nm":"Transform"}],"nm":"Path","bm":0,"hd":false}],"ip":0,"op":240,"st":0,"bm":0},{"ddd":0,"ind":18,"ty":4,"nm":"Path","parent":8,"sr":1,"ks":{"p":{"a":0,"k":[162.472,209.8,0]}},"ao":0,"shapes":[{"ty":"gr","it":[{"ind":0,"ty":"sh","ks":{"a":0,"k":{"i":[[7.8,0],[2.5,2.6],[-0.2,3.1],[2.6,7.4],[0,6.6],[-2,0.8],[-1.6,0],[-5.8,-9.9],[15.1,-27.2]],"o":[[-3.9,0],[-2.1,-2.3],[0.5,-8],[-2.4,-6.7],[-0.1,-24.4],[1.3,-0.8],[6.5,0],[3.9,6.6],[-5.5,9.8]],"v":[[-2.935,44.6],[-12.935,40.5],[-15.935,32.2],[-20.735,9.2],[-25.435,-10.5],[-7.135,-43.4],[-2.735,-44.6],[17.565,-28.3],[17.865,29.2]],"c":true}},"nm":"Path 1","hd":false},{"ty":"fl","c":{"a":0,"k":[0.5450980392156862,0.3411764705882353,0.16470588235294117,1]},"o":{"a":0,"k":100},"r":1,"bm":0,"nm":"Fill 1","hd":false},{"ty":"tr","p":{"a":0,"k":[0,0]},"a":{"a":0,"k":[0,0]},"s":{"a":0,"k":[100,100]},"r":{"a":0,"k":0},"o":{"a":0,"k":100},"sk":{"a":0,"k":0},"sa":{"a":0,"k":0},"nm":"Transform"}],"nm":"Path","bm":0,"hd":false}],"ip":0,"op":240,"st":0,"bm":0},{"ddd":0,"ind":19,"ty":4,"nm":"Path","parent":8,"sr":1,"ks":{"p":{"a":0,"k":[182.088,9.95,0]}},"ao":0,"shapes":[{"ty":"gr","it":[{"ind":0,"ty":"sh","ks":{"a":0,"k":{"i":[[0,0],[0,0],[0,0],[-7.5,0],[0,0],[0,-7.5],[0,0]],"o":[[0,0],[0,0],[0,-7.4],[0,0],[7.4,0],[0,0],[0,0]],"v":[[34.25,9.95],[-34.35,9.95],[-34.35,3.55],[-20.85,-9.95],[20.85,-9.95],[34.35,3.55],[34.35,9.95]],"c":true}},"nm":"Path 1","hd":false},{"ty":"st","c":{"a":0,"k":[0.278430998325,0.278430998325,0.278430998325,1]},"o":{"a":0,"k":100},"w":{"a":0,"k":6},"lc":2,"lj":2,"bm":0,"nm":"Stroke 1","hd":false},{"ty":"tr","p":{"a":0,"k":[0,0]},"a":{"a":0,"k":[0,0]},"s":{"a":0,"k":[100,100]},"r":{"a":0,"k":0},"o":{"a":0,"k":100},"sk":{"a":0,"k":0},"sa":{"a":0,"k":0},"nm":"Transform"}],"nm":"Path","bm":0,"hd":false}],"ip":0,"op":240,"st":0,"bm":0},{"ddd":0,"ind":20,"ty":4,"nm":"Path","parent":8,"sr":1,"ks":{"p":{"a":0,"k":[118.351,207.501,0]}},"ao":0,"shapes":[{"ty":"gr","it":[{"ind":0,"ty":"sh","ks":{"a":0,"k":{"i":[[2.7,0],[6.1,20.1],[-10.1,14.5],[-10.2,0],[-3,-1.1],[0,0],[0,0],[-0.4,-1.7],[2.5,-3.4],[-6.7,-17.5],[4.8,-4.6]],"o":[[-10.6,0],[-6,-16.4],[7.4,-10.6],[3.1,0],[0,0],[0,0],[2.1,1.2],[0.6,2.9],[-5,6.9],[7.8,20.2],[-1,0.9]],"v":[[13.69,47.2],[-22.21,19.6],[-15.51,-30.6],[12.19,-47.2],[21.39,-45.5],[21.49,-45.4],[21.59,-45.3],[25.29,-41],[21.49,-32],[16.39,1.8],[19.39,45.8]],"c":true}},"nm":"Path 1","hd":false},{"ty":"fl","c":{"a":0,"k":[0.5450980392156862,0.3411764705882353,0.16470588235294117,1]},"o":{"a":0,"k":100},"r":1,"bm":0,"nm":"Fill 1","hd":false},{"ty":"tr","p":{"a":0,"k":[0,0]},"a":{"a":0,"k":[0,0]},"s":{"a":0,"k":[100,100]},"r":{"a":0,"k":0},"o":{"a":0,"k":100},"sk":{"a":0,"k":0},"sa":{"a":0,"k":0},"nm":"Transform"}],"nm":"Path","bm":0,"hd":false}],"ip":0,"op":240,"st":0,"bm":0},{"ddd":0,"ind":21,"ty":4,"nm":"Path","parent":8,"sr":1,"ks":{"p":{"a":0,"k":[182.038,10.001,0]}},"ao":0,"shapes":[{"ty":"gr","it":[{"ind":0,"ty":"sh","ks":{"a":0,"k":{"i":[[0,0],[-7.1,0],[0,0],[-0.8,-6.3],[0,0],[7.1,0],[0,0],[0,-7.1],[0,0],[0,0]],"o":[[0,-7.1],[0,0],[6.5,0],[0,0],[0,-7.1],[0,0],[-7.1,0],[0,0],[0,0],[0,0]],"v":[[-34.2,9.7],[-21.4,-3.1],[21.6,-3.1],[34.3,8.1],[34.3,2.9],[21.5,-9.9],[-21.5,-9.9],[-34.3,2.9],[-34.3,9.9],[-34.2,9.9]],"c":true}},"nm":"Path 1","hd":false},{"ty":"fl","c":{"a":0,"k":[1,1,1,1]},"o":{"a":0,"k":100},"r":1,"bm":0,"nm":"Fill 1","hd":false},{"ty":"tr","p":{"a":0,"k":[0,0]},"a":{"a":0,"k":[0,0]},"s":{"a":0,"k":[100,100]},"r":{"a":0,"k":0},"o":{"a":0,"k":100},"sk":{"a":0,"k":0},"sa":{"a":0,"k":0},"nm":"Transform"}],"nm":"Path","bm":0,"hd":false}],"ip":0,"op":240,"st":0,"bm":0},{"ddd":0,"ind":22,"ty":4,"nm":"Path","parent":8,"sr":1,"ks":{"p":{"a":0,"k":[182.088,9.95,0]}},"ao":0,"shapes":[{"ty":"gr","it":[{"ind":0,"ty":"sh","ks":{"a":0,"k":{"i":[[0,0],[0,0],[0,0],[-7.5,0],[0,0],[0,-7.5],[0,0]],"o":[[0,0],[0,0],[0,-7.4],[0,0],[7.4,0],[0,0],[0,0]],"v":[[34.25,9.95],[-34.35,9.95],[-34.35,3.55],[-20.85,-9.95],[20.85,-9.95],[34.35,3.55],[34.35,9.95]],"c":true}},"nm":"Path 1","hd":false},{"ty":"fl","c":{"a":0,"k":[0.839215993881,0.839215993881,0.831372976303,1]},"o":{"a":0,"k":100},"r":1,"bm":0,"nm":"Fill 1","hd":false},{"ty":"tr","p":{"a":0,"k":[0,0]},"a":{"a":0,"k":[0,0]},"s":{"a":0,"k":[100,100]},"r":{"a":0,"k":0},"o":{"a":0,"k":100},"sk":{"a":0,"k":0},"sa":{"a":0,"k":0},"nm":"Transform"}],"nm":"Path","bm":0,"hd":false}],"ip":0,"op":240,"st":0,"bm":0},{"ddd":0,"ind":23,"ty":4,"nm":"Path","parent":8,"sr":1,"ks":{"p":{"a":0,"k":[182.088,9.95,0]}},"ao":0,"shapes":[{"ty":"gr","it":[{"ind":0,"ty":"sh","ks":{"a":0,"k":{"i":[[0,0],[0,0],[0,0],[-7.5,0],[0,0],[0,-7.5],[0,0]],"o":[[0,0],[0,0],[0,-7.4],[0,0],[7.4,0],[0,0],[0,0]],"v":[[34.25,9.95],[-34.35,9.95],[-34.35,3.55],[-20.85,-9.95],[20.85,-9.95],[34.35,3.55],[34.35,9.95]],"c":true}},"nm":"Path 1","hd":false},{"ty":"fl","c":{"a":0,"k":[0.839215993881,0.839215993881,0.831372976303,1]},"o":{"a":0,"k":100},"r":1,"bm":0,"nm":"Fill 1","hd":false},{"ty":"tr","p":{"a":0,"k":[0,0]},"a":{"a":0,"k":[0,0]},"s":{"a":0,"k":[100,100]},"r":{"a":0,"k":0},"o":{"a":0,"k":100},"sk":{"a":0,"k":0},"sa":{"a":0,"k":0},"nm":"Transform"}],"nm":"Path","bm":0,"hd":false}],"ip":0,"op":240,"st":0,"bm":0},{"ddd":0,"ind":24,"ty":4,"nm":"Path","parent":8,"sr":1,"ks":{"p":{"a":0,"k":[140.189,36.151,0]}},"ao":0,"shapes":[{"ty":"gr","it":[{"ind":0,"ty":"sh","ks":{"a":0,"k":{"i":[[0,0],[0,0],[0,0],[-15.3,0],[0,0],[-4,-14]],"o":[[0,0],[0,0],[3.9,-14],[0,0],[15.3,0],[0,0]],"v":[[125.65,16.25],[-125.65,16.25],[-123.15,7.45],[-90.55,-16.25],[90.55,-16.25],[123.15,7.45]],"c":true}},"nm":"Path 1","hd":false},{"ty":"st","c":{"a":0,"k":[0.278430998325,0.278430998325,0.278430998325,1]},"o":{"a":0,"k":100},"w":{"a":0,"k":6},"lc":2,"lj":2,"bm":0,"nm":"Stroke 1","hd":false},{"ty":"tr","p":{"a":0,"k":[0,0]},"a":{"a":0,"k":[0,0]},"s":{"a":0,"k":[100,100]},"r":{"a":0,"k":0},"o":{"a":0,"k":100},"sk":{"a":0,"k":0},"sa":{"a":0,"k":0},"nm":"Transform"}],"nm":"Path","bm":0,"hd":false}],"ip":0,"op":240,"st":0,"bm":0},{"ddd":0,"ind":25,"ty":4,"nm":"Path","parent":8,"sr":1,"ks":{"p":{"a":0,"k":[138.338,36.151,0]}},"ao":0,"shapes":[{"ty":"gr","it":[{"ind":0,"ty":"sh","ks":{"a":0,"k":{"i":[[-13.6,0],[0,0],[-3.5,-1.1],[11.8,0],[0,0],[4,-14],[0,0],[0,0]],"o":[[0,0],[12.4,0],[-6.1,-9.1],[0,0],[-15.3,0],[0,0],[0,0],[5.3,-11.6]],"v":[[-71.1,-5.85],[100.4,-5.95],[123.9,4.05],[92.5,-16.25],[-88.8,-16.25],[-121.4,7.45],[-123.9,16.25],[-102.1,16.25]],"c":true}},"nm":"Path 1","hd":false},{"ty":"fl","c":{"a":0,"k":[1,1,1,1]},"o":{"a":0,"k":100},"r":1,"bm":0,"nm":"Fill 1","hd":false},{"ty":"tr","p":{"a":0,"k":[0,0]},"a":{"a":0,"k":[0,0]},"s":{"a":0,"k":[100,100]},"r":{"a":0,"k":0},"o":{"a":0,"k":100},"sk":{"a":0,"k":0},"sa":{"a":0,"k":0},"nm":"Transform"}],"nm":"Path","bm":0,"hd":false}],"ip":0,"op":240,"st":0,"bm":0},{"ddd":0,"ind":26,"ty":4,"nm":"Path","parent":8,"sr":1,"ks":{"p":{"a":0,"k":[140.189,36.151,0]}},"ao":0,"shapes":[{"ty":"gr","it":[{"ind":0,"ty":"sh","ks":{"a":0,"k":{"i":[[0,0],[0,0],[0,0],[-15.3,0],[0,0],[-4,-14]],"o":[[0,0],[0,0],[3.9,-14],[0,0],[15.3,0],[0,0]],"v":[[125.65,16.25],[-125.65,16.25],[-123.15,7.45],[-90.55,-16.25],[90.55,-16.25],[123.15,7.45]],"c":true}},"nm":"Path 1","hd":false},{"ty":"fl","c":{"a":0,"k":[0.839215993881,0.839215993881,0.831372976303,1]},"o":{"a":0,"k":100},"r":1,"bm":0,"nm":"Fill 1","hd":false},{"ty":"tr","p":{"a":0,"k":[0,0]},"a":{"a":0,"k":[0,0]},"s":{"a":0,"k":[100,100]},"r":{"a":0,"k":0},"o":{"a":0,"k":100},"sk":{"a":0,"k":0},"sa":{"a":0,"k":0},"nm":"Transform"}],"nm":"Path","bm":0,"hd":false}],"ip":0,"op":240,"st":0,"bm":0},{"ddd":0,"ind":27,"ty":4,"nm":"Path","parent":8,"sr":1,"ks":{"p":{"a":0,"k":[140.189,36.151,0]}},"ao":0,"shapes":[{"ty":"gr","it":[{"ind":0,"ty":"sh","ks":{"a":0,"k":{"i":[[0,0],[0,0],[0,0],[-15.3,0],[0,0],[-4,-14]],"o":[[0,0],[0,0],[3.9,-14],[0,0],[15.3,0],[0,0]],"v":[[125.65,16.25],[-125.65,16.25],[-123.15,7.45],[-90.55,-16.25],[90.55,-16.25],[123.15,7.45]],"c":true}},"nm":"Path 1","hd":false},{"ty":"fl","c":{"a":0,"k":[0.839215993881,0.839215993881,0.831372976303,1]},"o":{"a":0,"k":100},"r":1,"bm":0,"nm":"Fill 1","hd":false},{"ty":"tr","p":{"a":0,"k":[0,0]},"a":{"a":0,"k":[0,0]},"s":{"a":0,"k":[100,100]},"r":{"a":0,"k":0},"o":{"a":0,"k":100},"sk":{"a":0,"k":0},"sa":{"a":0,"k":0},"nm":"Transform"}],"nm":"Path","bm":0,"hd":false}],"ip":0,"op":240,"st":0,"bm":0},{"ddd":0,"ind":28,"ty":4,"nm":"Path","parent":8,"sr":1,"ks":{"p":{"a":0,"k":[140.138,74.101,0]}},"ao":0,"shapes":[{"ty":"gr","it":[{"ind":0,"ty":"sh","ks":{"a":0,"k":{"i":[[8.7,0.1],[88.9,0],[-3,8.9],[1.8,5.2],[-8.7,-0.1],[-88.9,0],[3,-8.9],[-1.8,-5.2]],"o":[[-88.9,0],[-8.7,0.1],[1.8,-5.3],[-3,-9],[88.9,0],[8.7,-0.1],[-1.8,5.3],[3,8.9]],"v":[[133.402,21.598],[-133.398,21.598],[-137.898,8.098],[-137.898,-8.102],[-133.398,-21.602],[133.402,-21.602],[137.902,-8.102],[137.902,8.098]],"c":true}},"nm":"Path 1","hd":false},{"ty":"st","c":{"a":0,"k":[0.278430998325,0.278430998325,0.278430998325,1]},"o":{"a":0,"k":100},"w":{"a":0,"k":6},"lc":2,"lj":2,"bm":0,"nm":"Stroke 1","hd":false},{"ty":"tr","p":{"a":0,"k":[0,0]},"a":{"a":0,"k":[0,0]},"s":{"a":0,"k":[100,100]},"r":{"a":0,"k":0},"o":{"a":0,"k":100},"sk":{"a":0,"k":0},"sa":{"a":0,"k":0},"nm":"Transform"}],"nm":"Path","bm":0,"hd":false}],"ip":0,"op":240,"st":0,"bm":0},{"ddd":0,"ind":29,"ty":4,"nm":"Path","parent":8,"sr":1,"ks":{"p":{"a":0,"k":[1.842,87.9,0]}},"ao":0,"shapes":[{"ty":"gr","it":[{"ind":0,"ty":"sh","ks":{"a":0,"k":{"i":[[-3.8,-1.5],[1.3,4.7],[0.1,-0.5]],"o":[[1.5,-4.7],[-0.1,0.5],[-2.4,7]],"v":[[0.599,7.2],[0.899,-7.2],[0.499,-5.7]],"c":true}},"nm":"Path 1","hd":false},{"ty":"fl","c":{"a":0,"k":[0.392156988382,0.392156988382,0.392156988382,1]},"o":{"a":0,"k":100},"r":1,"bm":0,"nm":"Fill 1","hd":false},{"ty":"tr","p":{"a":0,"k":[0,0]},"a":{"a":0,"k":[0,0]},"s":{"a":0,"k":[100,100]},"r":{"a":0,"k":0},"o":{"a":0,"k":100},"sk":{"a":0,"k":0},"sa":{"a":0,"k":0},"nm":"Transform"}],"nm":"Path","bm":0,"hd":false}],"ip":0,"op":240,"st":0,"bm":0},{"ddd":0,"ind":30,"ty":4,"nm":"Path","parent":8,"sr":1,"ks":{"p":{"a":0,"k":[140.149,66.548,0]}},"ao":0,"shapes":[{"ty":"gr","it":[{"ind":0,"ty":"sh","ks":{"a":0,"k":{"i":[[-0.1,-0.1],[-6,0],[-88.9,0],[-1.1,-0.4],[0,0.1],[8.7,-0.1],[88.8,0],[-3,-9]],"o":[[1,-0.4],[88.9,0],[7.2,0],[0,-0.1],[3,-9],[-88.8,0],[-9,-0.2],[0.1,0.2]],"v":[[-136.506,9.257],[-125.606,-0.843],[127.894,-0.843],[137.494,14.157],[137.894,-0.643],[133.394,-14.143],[-133.106,-14.143],[-137.906,-0.643]],"c":true}},"nm":"Path 1","hd":false},{"ty":"fl","c":{"a":0,"k":[0.392156988382,0.392156988382,0.392156988382,1]},"o":{"a":0,"k":100},"r":1,"bm":0,"nm":"Fill 1","hd":false},{"ty":"tr","p":{"a":0,"k":[0,0]},"a":{"a":0,"k":[0,0]},"s":{"a":0,"k":[100,100]},"r":{"a":0,"k":0},"o":{"a":0,"k":100},"sk":{"a":0,"k":0},"sa":{"a":0,"k":0},"nm":"Transform"}],"nm":"Path","bm":0,"hd":false}],"ip":0,"op":240,"st":0,"bm":0},{"ddd":0,"ind":31,"ty":4,"nm":"Path","parent":8,"sr":1,"ks":{"p":{"a":0,"k":[278.496,87.9,0]}},"ao":0,"shapes":[{"ty":"gr","it":[{"ind":0,"ty":"sh","ks":{"a":0,"k":{"i":[[2.3,7],[0.1,0.5],[-1.5,-4.7]],"o":[[-0.2,-0.5],[-1.3,4.7],[3.7,-1.5]],"v":[[-0.454,-5.7],[-0.854,-7.2],[-0.554,7.2]],"c":true}},"nm":"Path 1","hd":false},{"ty":"fl","c":{"a":0,"k":[0.392156988382,0.392156988382,0.392156988382,1]},"o":{"a":0,"k":100},"r":1,"bm":0,"nm":"Fill 1","hd":false},{"ty":"tr","p":{"a":0,"k":[0,0]},"a":{"a":0,"k":[0,0]},"s":{"a":0,"k":[100,100]},"r":{"a":0,"k":0},"o":{"a":0,"k":100},"sk":{"a":0,"k":0},"sa":{"a":0,"k":0},"nm":"Transform"}],"nm":"Path","bm":0,"hd":false}],"ip":0,"op":240,"st":0,"bm":0},{"ddd":0,"ind":32,"ty":4,"nm":"Path","parent":8,"sr":1,"ks":{"p":{"a":0,"k":[140.139,91.101,0]}},"ao":0,"shapes":[{"ty":"gr","it":[{"ind":0,"ty":"sh","ks":{"a":0,"k":{"i":[[1.7,6.1],[3.1,0],[88.9,0],[1,1.2],[-7.2,0],[-88.9,0]],"o":[[-1,1.1],[-88.9,0],[-3.1,0],[-1.7,6.1],[88.9,0],[7.2,0.1]],"v":[[139.304,-4.601],[133.404,-2.901],[-133.396,-2.901],[-139.296,-4.601],[-133.396,4.599],[133.404,4.599]],"c":true}},"nm":"Path 1","hd":false},{"ty":"fl","c":{"a":0,"k":[0.486274987459,0.486274987459,0.486274987459,1]},"o":{"a":0,"k":100},"r":1,"bm":0,"nm":"Fill 1","hd":false},{"ty":"tr","p":{"a":0,"k":[0,0]},"a":{"a":0,"k":[0,0]},"s":{"a":0,"k":[100,100]},"r":{"a":0,"k":0},"o":{"a":0,"k":100},"sk":{"a":0,"k":0},"sa":{"a":0,"k":0},"nm":"Transform"}],"nm":"Path","bm":0,"hd":false}],"ip":0,"op":240,"st":0,"bm":0},{"ddd":0,"ind":33,"ty":4,"nm":"Path","parent":8,"sr":1,"ks":{"p":{"a":0,"k":[1.815,62.15,0]}},"ao":0,"shapes":[{"ty":"gr","it":[{"ind":0,"ty":"sh","ks":{"a":0,"k":{"i":[[-0.2,-1.5],[1.4,3.9],[0.4,1.4],[-2,-5.8]],"o":[[0.6,-4],[-0.5,-1.6],[-1.7,2.1],[0.5,1.5]],"v":[[1.525,8.15],[0.425,-3.75],[-0.975,-8.15],[0.425,3.75]],"c":true}},"nm":"Path 1","hd":false},{"ty":"fl","c":{"a":0,"k":[0.486274987459,0.486274987459,0.486274987459,1]},"o":{"a":0,"k":100},"r":1,"bm":0,"nm":"Fill 1","hd":false},{"ty":"tr","p":{"a":0,"k":[0,0]},"a":{"a":0,"k":[0,0]},"s":{"a":0,"k":[100,100]},"r":{"a":0,"k":0},"o":{"a":0,"k":100},"sk":{"a":0,"k":0},"sa":{"a":0,"k":0},"nm":"Transform"}],"nm":"Path","bm":0,"hd":false}],"ip":0,"op":240,"st":0,"bm":0},{"ddd":0,"ind":34,"ty":4,"nm":"Path","parent":8,"sr":1,"ks":{"p":{"a":0,"k":[278.481,62.15,0]}},"ao":0,"shapes":[{"ty":"gr","it":[{"ind":0,"ty":"sh","ks":{"a":0,"k":{"i":[[-0.5,1.5],[1.7,2.1],[0.5,-1.6],[-0.5,-4]],"o":[[1.9,-5.8],[-0.4,1.3],[-1.3,3.8],[0.3,-1.5]],"v":[[-0.442,3.75],[0.958,-8.15],[-0.442,-3.75],[-1.542,8.15]],"c":true}},"nm":"Path 1","hd":false},{"ty":"fl","c":{"a":0,"k":[0.486274987459,0.486274987459,0.486274987459,1]},"o":{"a":0,"k":100},"r":1,"bm":0,"nm":"Fill 1","hd":false},{"ty":"tr","p":{"a":0,"k":[0,0]},"a":{"a":0,"k":[0,0]},"s":{"a":0,"k":[100,100]},"r":{"a":0,"k":0},"o":{"a":0,"k":100},"sk":{"a":0,"k":0},"sa":{"a":0,"k":0},"nm":"Transform"}],"nm":"Path","bm":0,"hd":false}],"ip":0,"op":240,"st":0,"bm":0},{"ddd":0,"ind":35,"ty":4,"nm":"Path","parent":8,"sr":1,"ks":{"p":{"a":0,"k":[140.138,74.101,0]}},"ao":0,"shapes":[{"ty":"gr","it":[{"ind":0,"ty":"sh","ks":{"a":0,"k":{"i":[[8.7,0.1],[88.9,0],[-3,8.9],[1.8,5.2],[-8.7,-0.1],[-88.9,0],[3,-8.9],[-1.8,-5.2]],"o":[[-88.9,0],[-8.7,0.1],[1.8,-5.3],[-3,-9],[88.9,0],[8.7,-0.1],[-1.8,5.3],[3,8.9]],"v":[[133.402,21.598],[-133.398,21.598],[-137.898,8.098],[-137.898,-8.102],[-133.398,-21.602],[133.402,-21.602],[137.902,-8.102],[137.902,8.098]],"c":true}},"nm":"Path 1","hd":false},{"ty":"fl","c":{"a":0,"k":[0.392156988382,0.392156988382,0.392156988382,1]},"o":{"a":0,"k":100},"r":1,"bm":0,"nm":"Fill 1","hd":false},{"ty":"tr","p":{"a":0,"k":[0,0]},"a":{"a":0,"k":[0,0]},"s":{"a":0,"k":[100,100]},"r":{"a":0,"k":0},"o":{"a":0,"k":100},"sk":{"a":0,"k":0},"sa":{"a":0,"k":0},"nm":"Transform"}],"nm":"Path","bm":0,"hd":false}],"ip":0,"op":240,"st":0,"bm":0},{"ddd":0,"ind":36,"ty":4,"nm":"Path","parent":8,"sr":1,"ks":{"p":{"a":0,"k":[140.138,240.3,0]}},"ao":0,"shapes":[{"ty":"gr","it":[{"ind":0,"ty":"sh","ks":{"a":0,"k":{"i":[[-0.7,5.6],[0,0],[0,0],[0,0],[-5.7,0],[0,0]],"o":[[0,0],[0,0],[0,0],[0.7,5.5],[0,0],[5.7,0]],"v":[[92.9,134.9],[127.9,-144.6],[-127.9,-144.6],[-92.9,134.9],[-81.7,144.6],[81.8,144.6]],"c":true}},"nm":"Path 1","hd":false},{"ty":"st","c":{"a":0,"k":[0.278430998325,0.278430998325,0.278430998325,1]},"o":{"a":0,"k":100},"w":{"a":0,"k":6},"lc":2,"lj":2,"bm":0,"nm":"Stroke 1","hd":false},{"ty":"tr","p":{"a":0,"k":[0,0]},"a":{"a":0,"k":[0,0]},"s":{"a":0,"k":[100,100]},"r":{"a":0,"k":0},"o":{"a":0,"k":100},"sk":{"a":0,"k":0},"sa":{"a":0,"k":0},"nm":"Transform"}],"nm":"Path","bm":0,"hd":false}],"ip":0,"op":240,"st":0,"bm":0},{"ddd":0,"ind":37,"ty":4,"nm":"Path","parent":8,"sr":1,"ks":{"p":{"a":0,"k":[140.238,402.951,0]}},"ao":0,"shapes":[{"ty":"gr","it":[{"ind":0,"ty":"sh","ks":{"a":0,"k":{"i":[[0,0],[0,0],[-4.8,0],[0,0],[-0.6,4.3],[0,0]],"o":[[0,0],[0.6,4.3],[0,0],[4.8,0],[0,0],[0,0]],"v":[[-77.5,-18.05],[-73.5,10.55],[-64.1,18.05],[64.1,18.05],[73.5,10.55],[77.5,-18.05]],"c":true}},"nm":"Path 1","hd":false},{"ty":"st","c":{"a":0,"k":[0.278430998325,0.278430998325,0.278430998325,1]},"o":{"a":0,"k":100},"w":{"a":0,"k":6},"lc":2,"lj":2,"bm":0,"nm":"Stroke 1","hd":false},{"ty":"tr","p":{"a":0,"k":[0,0]},"a":{"a":0,"k":[0,0]},"s":{"a":0,"k":[100,100]},"r":{"a":0,"k":0},"o":{"a":0,"k":100},"sk":{"a":0,"k":0},"sa":{"a":0,"k":0},"nm":"Transform"}],"nm":"Path","bm":0,"hd":false}],"ip":0,"op":240,"st":0,"bm":0},{"ddd":0,"ind":38,"ty":4,"nm":"Path","parent":8,"sr":1,"ks":{"p":{"a":0,"k":[140.138,240.35,0]}},"ao":0,"shapes":[{"ty":"gr","it":[{"ind":0,"ty":"sh","ks":{"a":0,"k":{"i":[[0,0],[0,0],[0,0],[1,-8.1],[0,0],[8.7,-1.6],[0,0],[0,0],[0,0],[-0.7,5.6],[0,0],[0,0]],"o":[[0,0],[0,0],[8.1,0],[0,0],[-0.9,8.8],[0,0],[0,0],[0,0],[5.7,0],[0,0],[0,0],[0,0]],"v":[[-127.9,-144.65],[-125.2,-122.65],[87.6,-122.65],[101,-107.45],[78.8,122.55],[62.6,140.15],[37.6,144.65],[73.2,144.65],[81.7,144.65],[92.9,134.95],[127.9,-144.55],[-127.9,-144.55]],"c":true}},"nm":"Path 1","hd":false},{"ty":"fl","c":{"a":0,"k":[0.4196078431372549,0.2627450980392157,0.12941176470588237,1]},"o":{"a":0,"k":100},"r":1,"bm":0,"nm":"Fill 1","hd":false},{"ty":"tr","p":{"a":0,"k":[0,0]},"a":{"a":0,"k":[0,0]},"s":{"a":0,"k":[100,100]},"r":{"a":0,"k":0},"o":{"a":0,"k":100},"sk":{"a":0,"k":0},"sa":{"a":0,"k":0},"nm":"Transform"}],"nm":"Path","bm":0,"hd":false}],"ip":0,"op":240,"st":0,"bm":0},{"ddd":0,"ind":39,"ty":4,"nm":"Shape","parent":8,"sr":1,"ks":{"o":{"a":0,"k":34},"p":{"a":0,"k":[105.187,310.65,0]}},"ao":0,"shapes":[{"ty":"gr","it":[{"ind":0,"ty":"sh","ks":{"a":0,"k":{"i":[[3.4,0],[1.5,0.5],[2.3,5.9],[-3.6,7.3],[1.2,-0.7],[1.2,0],[0.6,0.4],[-0.1,2],[-2.7,1.5],[-1.3,0],[-3.1,-1.4],[-3.6,1.2],[-1.7,0],[-1.3,-1.5],[3.1,-3.6],[5,-0.3],[0.3,0],[1.8,0.6],[0.4,0.1],[-3.2,-2.7],[-1.8,0],[-0.3,0.1],[-0.5,2.1],[0.6,0.7],[0.6,0.3],[-0.2,1.7],[-2.1,0],[-0.6,-0.1],[1.1,-5.7],[1.2,-0.9]],"o":[[-1.6,0],[-5,-1.5],[-2.5,-6.4],[-1.5,0.3],[-1.3,0.8],[-0.7,0],[-1.1,-0.9],[0.1,-2.4],[1,-0.6],[2.6,0],[3,-3.4],[2,-0.6],[2.6,0],[3,3.4],[-1.5,1.7],[-0.3,0],[-1.9,0],[-0.5,-0.1],[-1.9,6.7],[1,0.8],[0.4,0],[0.1,0],[0.3,-1],[-0.4,-0.5],[-0.6,-0.2],[0.2,-1.9],[0.6,0],[4.6,1.2],[-0.9,4.8],[-2.6,2.3]],"v":[[4.951,24.65],[0.351,23.95],[-10.949,12.45],[-9.049,-9.35],[-13.049,-7.55],[-16.649,-6.15],[-18.549,-6.75],[-20.149,-11.25],[-16.249,-18.45],[-12.749,-19.35],[-4.049,-16.75],[6.051,-23.65],[11.751,-24.65],[17.751,-22.35],[16.251,-9.25],[6.951,-5.15],[6.151,-5.15],[0.851,-6.15],[-0.449,-6.55],[1.751,10.05],[6.251,11.75],[7.351,11.65],[10.651,8.85],[10.151,5.85],[8.551,4.85],[6.551,2.25],[11.251,-0.55],[13.051,-0.35],[19.951,13.05],[14.251,21.35]],"c":true}},"nm":"Path 1","hd":false},{"ind":1,"ty":"sh","ks":{"a":0,"k":{"i":[[0.9,-1.1],[-0.8,0],[-0.2,0],[-0.5,1.6],[0.2,0.1],[0.5,0],[1,-0.6],[0,0]],"o":[[1.2,0.6],[0.2,0],[1.7,-0.2],[0.3,-0.8],[0,0],[-1.2,0],[0,0],[-1.1,0.6]],"v":[[3.051,-13.15],[5.851,-12.25],[6.451,-12.25],[10.651,-15.05],[10.651,-16.75],[9.851,-16.95],[6.151,-15.85],[6.051,-15.75]],"c":true}},"nm":"Path 2","hd":false},{"ty":"mm","mm":1,"nm":"Merge Paths 1","hd":false},{"ty":"fl","c":{"a":0,"k":[0.49411764705882355,0.2627450980392157,0.06274509803921569,1]},"o":{"a":0,"k":100},"r":1,"bm":0,"nm":"Fill 1","hd":false},{"ty":"tr","p":{"a":0,"k":[0,0]},"a":{"a":0,"k":[0,0]},"s":{"a":0,"k":[100,100]},"r":{"a":0,"k":0},"o":{"a":0,"k":100},"sk":{"a":0,"k":0},"sa":{"a":0,"k":0},"nm":"Transform"}],"nm":"Shape","bm":0,"hd":false}],"ip":0,"op":240,"st":0,"bm":0},{"ddd":0,"ind":40,"ty":4,"nm":"Path","parent":8,"sr":1,"ks":{"o":{"a":0,"k":34},"p":{"a":0,"k":[184.793,316.151,0]}},"ao":0,"shapes":[{"ty":"gr","it":[{"ind":0,"ty":"sh","ks":{"a":0,"k":{"i":[[2.1,0],[1.3,1.5],[-0.7,3.8],[-3.6,1.5],[-1.4,0],[-1.2,-1.4],[0.3,-1],[1.7,-1.1],[0,-0.7],[1.6,-1.4]],"o":[[-2.3,0],[-1.9,-2],[1,-4.8],[1.3,-0.5],[2.3,0],[2.2,2.5],[-0.6,2.1],[0.3,0.3],[0.1,1.4],[-1.2,1.3]],"v":[[-1.457,11.25],[-7.357,8.95],[-9.157,-0.05],[-1.557,-10.45],[2.643,-11.25],[7.943,-9.15],[9.043,-2.15],[5.343,2.65],[5.943,4.15],[3.743,9.25]],"c":true}},"nm":"Path 1","hd":false},{"ty":"fl","c":{"a":0,"k":[0.4666666666666667,0.2627450980392157,0.08235294117647059,1]},"o":{"a":0,"k":100},"r":1,"bm":0,"nm":"Fill 1","hd":false},{"ty":"tr","p":{"a":0,"k":[0,0]},"a":{"a":0,"k":[0,0]},"s":{"a":0,"k":[100,100]},"r":{"a":0,"k":0},"o":{"a":0,"k":100},"sk":{"a":0,"k":0},"sa":{"a":0,"k":0},"nm":"Transform"}],"nm":"Path","bm":0,"hd":false}],"ip":0,"op":240,"st":0,"bm":0},{"ddd":0,"ind":41,"ty":4,"nm":"Shape","parent":8,"sr":1,"ks":{"o":{"a":0,"k":34},"p":{"a":0,"k":[170.148,314.6,0]}},"ao":0,"shapes":[{"ty":"gr","it":[{"ind":0,"ty":"sh","ks":{"a":0,"k":{"i":[[2.6,0],[1.3,1.3],[-0.9,4],[-5.3,2.2],[-2.1,0],[-1.3,-1],[0.7,-2.5],[2.2,-1.1],[0,-0.7],[1.7,-1.7]],"o":[[-2.3,0],[-1.9,-1.9],[0.9,-4.4],[0.5,-0.2],[1.9,0],[2.5,2.1],[-0.7,2.6],[0.2,0.3],[0.2,1.5],[-1.5,1.6]],"v":[[-2.908,12.4],[-8.508,10.4],[-10.208,1],[-1.108,-11.5],[3.292,-12.4],[8.092,-10.8],[10.292,-2.6],[5.492,2.8],[5.992,4.2],[3.692,9.8]],"c":true}},"nm":"Path 1","hd":false},{"ind":1,"ty":"sh","ks":{"a":0,"k":{"i":[[-0.3,0.2],[0.4,-0.3]],"o":[[-0.3,0.1],[0.4,-0.2]],"v":[[2.191,-4.5],[1.191,-3.9]],"c":true}},"nm":"Path 2","hd":false},{"ty":"mm","mm":1,"nm":"Merge Paths 1","hd":false},{"ty":"fl","c":{"a":0,"k":[0.5647058823529412,0.2980392156862745,0.06274509803921569,1]},"o":{"a":0,"k":100},"r":1,"bm":0,"nm":"Fill 1","hd":false},{"ty":"tr","p":{"a":0,"k":[0,0]},"a":{"a":0,"k":[0,0]},"s":{"a":0,"k":[100,100]},"r":{"a":0,"k":0},"o":{"a":0,"k":100},"sk":{"a":0,"k":0},"sa":{"a":0,"k":0},"nm":"Transform"}],"nm":"Shape","bm":0,"hd":false}],"ip":0,"op":240,"st":0,"bm":0},{"ddd":0,"ind":42,"ty":4,"nm":"Shape","parent":8,"sr":1,"ks":{"o":{"a":0,"k":34},"p":{"a":0,"k":[153.522,309.2,0]}},"ao":0,"shapes":[{"ty":"gr","it":[{"ind":0,"ty":"sh","ks":{"a":0,"k":{"i":[[1.5,0],[1,0.7],[-0.6,7.3],[-0.5,11],[0,0.6],[0.1,0],[0.2,0],[0.8,0],[0.8,-0.1],[0.3,0],[0.4,0],[0.6,0.6],[-1.7,1.7],[-2.3,0],[-1.8,-0.4],[-2,1.4],[-2.9,0],[-0.4,-0.1],[-1.6,-1.5],[0,-1.4],[-1,0],[-0.4,-0.1],[-1.4,-1.5],[0.1,-0.6],[0,0],[-0.2,0.2],[-0.1,1.3],[0,0],[0,0],[0,0],[2.1,-2.6],[4.4,0],[1.6,0.2],[0,0],[-0.1,-1.6],[2.8,-2.1],[1.3,0],[1,0.7],[0.2,1.4],[1,-0.8]],"o":[[-1.3,0],[-2.2,-1.5],[0.4,-4.6],[0,-0.6],[-0.1,0],[-0.2,0],[-0.8,0.1],[-0.9,0],[-0.3,0],[-0.6,0.1],[-0.9,0],[-2.1,-2.1],[1.4,-1.3],[1.3,0],[1.1,-3.2],[0.8,-0.6],[0.4,0],[0.6,0.1],[1.5,1.5],[0.8,-0.3],[0.4,0],[0.6,0.1],[2.3,2.3],[0,0],[0.3,-0.1],[0.6,-0.6],[0,0],[0,0],[0,0],[0.9,1.8],[-1.5,1.9],[-1.3,0],[-0.6,4.9],[0.1,2],[0.3,8.9],[-1,0.7],[-1.2,0],[-1,-0.7],[-0.4,1.2],[-0.8,1.2]],"v":[[-8.882,27.7],[-12.482,26.6],[-13.982,15.8],[-12.482,-6.9],[-12.382,-8.6],[-12.582,-8.6],[-13.282,-8.6],[-15.682,-8.5],[-18.182,-8.3],[-19.082,-8.2],[-20.582,-8.1],[-22.782,-9],[-20.882,-17.3],[-15.282,-19.3],[-10.682,-18.7],[-5.982,-25.6],[-0.082,-27.7],[1.118,-27.6],[5.218,-25.7],[7.118,-20.8],[9.718,-21.3],[10.818,-21.2],[14.518,-19.4],[16.118,-13.2],[15.718,-11.5],[16.518,-12],[17.618,-14.8],[17.918,-18.9],[23.018,-14.1],[23.218,-13.8],[21.418,-7.1],[12.618,-4.3],[8.218,-4.6],[7.718,5.7],[7.918,11.2],[5.518,25.8],[1.918,26.9],[-1.382,25.9],[-3.082,23.1],[-5.182,26]],"c":true}},"nm":"Path 1","hd":false},{"ind":1,"ty":"sh","ks":{"a":0,"k":{"i":[[0.4,0.1],[0,0],[-0.1,-1.9],[0,-0.7],[-0.3,6.4],[-0.1,1]],"o":[[-0.4,5],[0.1,2.3],[0,0.8],[0.3,-3.7],[0,-1.1],[-0.4,-0.1]],"v":[[-2.084,-6.4],[-2.384,3.4],[-2.184,9.7],[-2.084,11.9],[-1.184,-3],[-0.984,-6.1]],"c":true}},"nm":"Path 2","hd":false},{"ind":2,"ty":"sh","ks":{"a":0,"k":{"i":[[0.5,-0.5],[-0.8,0],[-0.3,0.1],[0,0],[0.3,0],[0.1,0]],"o":[[1.2,0.2],[0.3,0],[0,0],[-0.4,-0.2],[-0.1,0],[-0.1,0]],"v":[[10.817,-11.3],[13.817,-10.9],[14.717,-11],[13.417,-11.7],[12.317,-12],[12.017,-12]],"c":true}},"nm":"Path 3","hd":false},{"ind":3,"ty":"sh","ks":{"a":0,"k":{"i":[[-0.3,-0.1],[-0.7,0.8],[0.1,0],[0.1,0],[1,-1.1],[0.3,-0.7]],"o":[[0.5,-1.2],[-0.1,0],[-0.1,0],[0,0],[-0.2,0.2],[0.2,0]],"v":[[1.017,-14.6],[2.917,-17.7],[2.717,-17.7],[2.317,-17.7],[0.317,-16.4],[-0.483,-15.1]],"c":true}},"nm":"Path 4","hd":false},{"ty":"mm","mm":1,"nm":"Merge Paths 1","hd":false},{"ty":"fl","c":{"a":0,"k":[0.5725490196078431,0.2980392156862745,0.058823529411764705,1]},"o":{"a":0,"k":100},"r":1,"bm":0,"nm":"Fill 1","hd":false},{"ty":"tr","p":{"a":0,"k":[0,0]},"a":{"a":0,"k":[0,0]},"s":{"a":0,"k":[100,100]},"r":{"a":0,"k":0},"o":{"a":0,"k":100},"sk":{"a":0,"k":0},"sa":{"a":0,"k":0},"nm":"Transform"}],"nm":"Shape","bm":0,"hd":false}],"ip":0,"op":240,"st":0,"bm":0},{"ddd":0,"ind":43,"ty":4,"nm":"Shape","parent":8,"sr":1,"ks":{"o":{"a":0,"k":34},"p":{"a":0,"k":[133.721,312.251,0]}},"ao":0,"shapes":[{"ty":"gr","it":[{"ind":0,"ty":"sh","ks":{"a":0,"k":{"i":[[0,0],[0.7,0.5],[0.1,3.6],[-2.8,2.7],[-3,0],[-0.3,-0.1],[-1.4,-2.2],[0.9,-3.8],[4.7,-0.1]],"o":[[-2.5,0],[-2.2,-1.8],[-0.2,-4.4],[0.8,-0.7],[0.3,0],[2,0.3],[2.2,3.3],[-1.1,4.4],[0,0]],"v":[[-0.679,12.25],[-5.779,10.45],[-9.379,2.05],[-5.179,-9.35],[0.921,-12.35],[1.821,-12.25],[7.021,-8.45],[9.021,3.15],[-0.479,12.35]],"c":true}},"nm":"Path 1","hd":false},{"ind":1,"ty":"sh","ks":{"a":0,"k":{"i":[[0.3,0.8],[-0.3,-0.3],[0,-0.1],[-0.2,0.5]],"o":[[-0.9,2.1],[0,0],[0.1,-0.1],[0.3,-1]],"v":[[0.314,-1.55],[-0.086,2.15],[0.014,2.25],[0.514,1.35]],"c":true}},"nm":"Path 2","hd":false},{"ty":"mm","mm":1,"nm":"Merge Paths 1","hd":false},{"ty":"fl","c":{"a":0,"k":[0.6,0.3254901960784314,0.08627450980392157,1]},"o":{"a":0,"k":100},"r":1,"bm":0,"nm":"Fill 1","hd":false},{"ty":"tr","p":{"a":0,"k":[0,0]},"a":{"a":0,"k":[0,0]},"s":{"a":0,"k":[100,100]},"r":{"a":0,"k":0},"o":{"a":0,"k":100},"sk":{"a":0,"k":0},"sa":{"a":0,"k":0},"nm":"Transform"}],"nm":"Shape","bm":0,"hd":false}],"ip":0,"op":240,"st":0,"bm":0},{"ddd":0,"ind":44,"ty":4,"nm":"Path","parent":8,"sr":1,"ks":{"p":{"a":0,"k":[140.138,240.3,0]}},"ao":0,"shapes":[{"ty":"gr","it":[{"ind":0,"ty":"sh","ks":{"a":0,"k":{"i":[[-0.7,5.6],[0,0],[0,0],[0,0],[-5.7,0],[0,0]],"o":[[0,0],[0,0],[0,0],[0.7,5.5],[0,0],[5.7,0]],"v":[[92.9,134.9],[127.9,-144.6],[-127.9,-144.6],[-92.9,134.9],[-81.7,144.6],[81.8,144.6]],"c":true}},"nm":"Path 1","hd":false},{"ty":"fl","c":{"a":0,"k":[0.4196078431372549,0.2980392156862745,0.19215686274509805,1]},"o":{"a":0,"k":100},"r":1,"bm":0,"nm":"Fill 1","hd":false},{"ty":"tr","p":{"a":0,"k":[0,0]},"a":{"a":0,"k":[0,0]},"s":{"a":0,"k":[100,100]},"r":{"a":0,"k":0},"o":{"a":0,"k":100},"sk":{"a":0,"k":0},"sa":{"a":0,"k":0},"nm":"Transform"}],"nm":"Path","bm":0,"hd":false}],"ip":0,"op":240,"st":0,"bm":0},{"ddd":0,"ind":45,"ty":4,"nm":"Path","parent":8,"sr":1,"ks":{"p":{"a":0,"k":[140.138,402.951,0]}},"ao":0,"shapes":[{"ty":"gr","it":[{"ind":0,"ty":"sh","ks":{"a":0,"k":{"i":[[0,0],[0,0],[0,0],[0,0],[0,0],[0,0],[-0.1,0]],"o":[[0,0],[0,0],[0,0],[0,0],[0,0],[0.1,0],[18.3,0]],"v":[[61.3,18.05],[70.6,15.65],[77.4,-18.05],[-77.4,-18.05],[-75.9,-7.05],[51.9,-7.05],[52.1,-7.05]],"c":true}},"nm":"Path 1","hd":false},{"ty":"fl","c":{"a":0,"k":[0.729412019253,0.729412019253,0.729412019253,1]},"o":{"a":0,"k":100},"r":1,"bm":0,"nm":"Fill 1","hd":false},{"ty":"tr","p":{"a":0,"k":[0,0]},"a":{"a":0,"k":[0,0]},"s":{"a":0,"k":[100,100]},"r":{"a":0,"k":0},"o":{"a":0,"k":100},"sk":{"a":0,"k":0},"sa":{"a":0,"k":0},"nm":"Transform"}],"nm":"Path","bm":0,"hd":false}],"ip":0,"op":240,"st":0,"bm":0},{"ddd":0,"ind":46,"ty":4,"nm":"Path","parent":8,"sr":1,"ks":{"p":{"a":0,"k":[140.238,402.951,0]}},"ao":0,"shapes":[{"ty":"gr","it":[{"ind":0,"ty":"sh","ks":{"a":0,"k":{"i":[[0,0],[0,0],[-4.8,0],[0,0],[-0.6,4.3],[0,0]],"o":[[0,0],[0.6,4.3],[0,0],[4.8,0],[0,0],[0,0]],"v":[[-77.5,-18.05],[-73.5,10.55],[-64.1,18.05],[64.1,18.05],[73.5,10.55],[77.5,-18.05]],"c":true}},"nm":"Path 1","hd":false},{"ty":"fl","c":{"a":0,"k":[0.839215993881,0.839215993881,0.831372976303,1]},"o":{"a":0,"k":100},"r":1,"bm":0,"nm":"Fill 1","hd":false},{"ty":"tr","p":{"a":0,"k":[0,0]},"a":{"a":0,"k":[0,0]},"s":{"a":0,"k":[100,100]},"r":{"a":0,"k":0},"o":{"a":0,"k":100},"sk":{"a":0,"k":0},"sa":{"a":0,"k":0},"nm":"Transform"}],"nm":"Path","bm":0,"hd":false}],"ip":0,"op":240,"st":0,"bm":0},{"ddd":0,"ind":47,"ty":3,"nm":"▽ bg","parent":1,"sr":1,"ks":{"p":{"a":0,"k":[525.5,534.5,0]},"a":{"a":0,"k":[340.5,215.5,0]}},"ao":0,"ip":0,"op":240,"st":0,"bm":0},{"ddd":0,"ind":48,"ty":4,"nm":"Path","parent":47,"sr":1,"ks":{"o":{"a":0,"k":15},"p":{"a":0,"k":[177.55,358.4,0]}},"ao":0,"shapes":[{"ty":"gr","it":[{"ind":0,"ty":"sh","ks":{"a":0,"k":{"i":[[0,0],[0,0],[0,0],[0,0]],"o":[[0,0],[0,0],[0,0],[0,0]],"v":[[176.75,-12.6],[-176.75,-12.6],[-176.75,12.6],[176.75,12.6]],"c":true}},"nm":"Path 1","hd":false},{"ty":"st","c":{"a":0,"k":[0.278430998325,0.278430998325,0.278430998325,1]},"o":{"a":0,"k":100},"w":{"a":0,"k":6},"lc":2,"lj":2,"bm":0,"nm":"Stroke 1","hd":false},{"ty":"tr","p":{"a":0,"k":[0,0]},"a":{"a":0,"k":[0,0]},"s":{"a":0,"k":[100,100]},"r":{"a":0,"k":0},"o":{"a":0,"k":100},"sk":{"a":0,"k":0},"sa":{"a":0,"k":0},"nm":"Transform"}],"nm":"Path","bm":0,"hd":false}],"ip":0,"op":240,"st":0,"bm":0},{"ddd":0,"ind":49,"ty":4,"nm":"Path","parent":47,"sr":1,"ks":{"o":{"a":0,"k":15},"p":{"a":0,"k":[75.6,295.7,0]}},"ao":0,"shapes":[{"ty":"gr","it":[{"ind":0,"ty":"sh","ks":{"a":0,"k":{"i":[[-2.49,0],[0,2.48],[2.48,0],[0,-2.49]],"o":[[2.48,0],[0,-2.49],[-2.49,0],[0,2.48]],"v":[[0,4.5],[4.5,0],[0,-4.5],[-4.5,0]],"c":true}},"nm":"Path 1","hd":false},{"ty":"st","c":{"a":0,"k":[0.278430998325,0.278430998325,0.278430998325,1]},"o":{"a":0,"k":100},"w":{"a":0,"k":6},"lc":2,"lj":2,"bm":0,"nm":"Stroke 1","hd":false},{"ty":"tr","p":{"a":0,"k":[0,0]},"a":{"a":0,"k":[0,0]},"s":{"a":0,"k":[100,100]},"r":{"a":0,"k":0},"o":{"a":0,"k":100},"sk":{"a":0,"k":0},"sa":{"a":0,"k":0},"nm":"Transform"}],"nm":"Path","bm":0,"hd":false}],"ip":0,"op":240,"st":0,"bm":0},{"ddd":0,"ind":50,"ty":4,"nm":"Path","parent":47,"sr":1,"ks":{"o":{"a":0,"k":15},"p":{"a":0,"k":[75.6,263.5,0]}},"ao":0,"shapes":[{"ty":"gr","it":[{"ind":0,"ty":"sh","ks":{"a":0,"k":{"i":[[-2.49,0],[0,2.49],[2.48,0],[0,-2.49]],"o":[[2.48,0],[0,-2.49],[-2.49,0],[0,2.49]],"v":[[0,4.5],[4.5,0],[0,-4.5],[-4.5,0]],"c":true}},"nm":"Path 1","hd":false},{"ty":"st","c":{"a":0,"k":[0.278430998325,0.278430998325,0.278430998325,1]},"o":{"a":0,"k":100},"w":{"a":0,"k":6},"lc":2,"lj":2,"bm":0,"nm":"Stroke 1","hd":false},{"ty":"tr","p":{"a":0,"k":[0,0]},"a":{"a":0,"k":[0,0]},"s":{"a":0,"k":[100,100]},"r":{"a":0,"k":0},"o":{"a":0,"k":100},"sk":{"a":0,"k":0},"sa":{"a":0,"k":0},"nm":"Transform"}],"nm":"Path","bm":0,"hd":false}],"ip":0,"op":240,"st":0,"bm":0},{"ddd":0,"ind":51,"ty":4,"nm":"Path","parent":47,"sr":1,"ks":{"o":{"a":0,"k":15},"p":{"a":0,"k":[284.1,295.7,0]}},"ao":0,"shapes":[{"ty":"gr","it":[{"ind":0,"ty":"sh","ks":{"a":0,"k":{"i":[[-2.49,0],[0,2.48],[2.48,0],[0,-2.49]],"o":[[2.48,0],[0,-2.49],[-2.49,0],[0,2.48]],"v":[[0,4.5],[4.5,0],[0,-4.5],[-4.5,0]],"c":true}},"nm":"Path 1","hd":false},{"ty":"st","c":{"a":0,"k":[0.278430998325,0.278430998325,0.278430998325,1]},"o":{"a":0,"k":100},"w":{"a":0,"k":6},"lc":2,"lj":2,"bm":0,"nm":"Stroke 1","hd":false},{"ty":"tr","p":{"a":0,"k":[0,0]},"a":{"a":0,"k":[0,0]},"s":{"a":0,"k":[100,100]},"r":{"a":0,"k":0},"o":{"a":0,"k":100},"sk":{"a":0,"k":0},"sa":{"a":0,"k":0},"nm":"Transform"}],"nm":"Path","bm":0,"hd":false}],"ip":0,"op":240,"st":0,"bm":0},{"ddd":0,"ind":52,"ty":4,"nm":"Path","parent":47,"sr":1,"ks":{"o":{"a":0,"k":15},"p":{"a":0,"k":[284.1,263.5,0]}},"ao":0,"shapes":[{"ty":"gr","it":[{"ind":0,"ty":"sh","ks":{"a":0,"k":{"i":[[-2.49,0],[0,2.49],[2.48,0],[0,-2.49]],"o":[[2.48,0],[0,-2.49],[-2.49,0],[0,2.49]],"v":[[0,4.5],[4.5,0],[0,-4.5],[-4.5,0]],"c":true}},"nm":"Path 1","hd":false},{"ty":"st","c":{"a":0,"k":[0.278430998325,0.278430998325,0.278430998325,1]},"o":{"a":0,"k":100},"w":{"a":0,"k":6},"lc":2,"lj":2,"bm":0,"nm":"Stroke 1","hd":false},{"ty":"tr","p":{"a":0,"k":[0,0]},"a":{"a":0,"k":[0,0]},"s":{"a":0,"k":[100,100]},"r":{"a":0,"k":0},"o":{"a":0,"k":100},"sk":{"a":0,"k":0},"sa":{"a":0,"k":0},"nm":"Transform"}],"nm":"Path","bm":0,"hd":false}],"ip":0,"op":240,"st":0,"bm":0},{"ddd":0,"ind":53,"ty":4,"nm":"Path","parent":47,"sr":1,"ks":{"o":{"a":0,"k":15},"p":{"a":0,"k":[172.95,295.75,0]}},"ao":0,"shapes":[{"ty":"gr","it":[{"ind":0,"ty":"sh","ks":{"a":0,"k":{"i":[[0,0],[0,0],[0,0],[0,0]],"o":[[0,0],[0,0],[0,0],[0,0]],"v":[[156.15,-16.75],[-156.15,-16.75],[-156.15,16.75],[156.15,16.75]],"c":true}},"nm":"Path 1","hd":false},{"ty":"st","c":{"a":0,"k":[0.278430998325,0.278430998325,0.278430998325,1]},"o":{"a":0,"k":100},"w":{"a":0,"k":6},"lc":2,"lj":2,"bm":0,"nm":"Stroke 1","hd":false},{"ty":"tr","p":{"a":0,"k":[0,0]},"a":{"a":0,"k":[0,0]},"s":{"a":0,"k":[100,100]},"r":{"a":0,"k":0},"o":{"a":0,"k":100},"sk":{"a":0,"k":0},"sa":{"a":0,"k":0},"nm":"Transform"}],"nm":"Path","bm":0,"hd":false}],"ip":0,"op":240,"st":0,"bm":0},{"ddd":0,"ind":54,"ty":4,"nm":"Path","parent":47,"sr":1,"ks":{"o":{"a":0,"k":15},"p":{"a":0,"k":[172.95,295.75,0]}},"ao":0,"shapes":[{"ty":"gr","it":[{"ind":0,"ty":"sh","ks":{"a":0,"k":{"i":[[0,0],[0,0],[0,0],[0,0]],"o":[[0,0],[0,0],[0,0],[0,0]],"v":[[156.15,-16.75],[-156.15,-16.75],[-156.15,16.75],[156.15,16.75]],"c":true}},"nm":"Path 1","hd":false},{"ty":"fl","c":{"a":0,"k":[1,1,1,1]},"o":{"a":0,"k":100},"r":1,"bm":0,"nm":"Fill 1","hd":false},{"ty":"tr","p":{"a":0,"k":[0,0]},"a":{"a":0,"k":[0,0]},"s":{"a":0,"k":[100,100]},"r":{"a":0,"k":0},"o":{"a":0,"k":100},"sk":{"a":0,"k":0},"sa":{"a":0,"k":0},"nm":"Transform"}],"nm":"Path","bm":0,"hd":false}],"ip":0,"op":240,"st":0,"bm":0},{"ddd":0,"ind":55,"ty":4,"nm":"Path","parent":47,"sr":1,"ks":{"o":{"a":0,"k":15},"p":{"a":0,"k":[172.95,262.25,0]}},"ao":0,"shapes":[{"ty":"gr","it":[{"ind":0,"ty":"sh","ks":{"a":0,"k":{"i":[[0,0],[0,0],[0,0],[0,0]],"o":[[0,0],[0,0],[0,0],[0,0]],"v":[[156.15,-16.75],[-156.15,-16.75],[-156.15,16.75],[156.15,16.75]],"c":true}},"nm":"Path 1","hd":false},{"ty":"st","c":{"a":0,"k":[0.278430998325,0.278430998325,0.278430998325,1]},"o":{"a":0,"k":100},"w":{"a":0,"k":6},"lc":2,"lj":2,"bm":0,"nm":"Stroke 1","hd":false},{"ty":"tr","p":{"a":0,"k":[0,0]},"a":{"a":0,"k":[0,0]},"s":{"a":0,"k":[100,100]},"r":{"a":0,"k":0},"o":{"a":0,"k":100},"sk":{"a":0,"k":0},"sa":{"a":0,"k":0},"nm":"Transform"}],"nm":"Path","bm":0,"hd":false}],"ip":0,"op":240,"st":0,"bm":0},{"ddd":0,"ind":56,"ty":4,"nm":"Path","parent":47,"sr":1,"ks":{"o":{"a":0,"k":15},"p":{"a":0,"k":[172.95,262.25,0]}},"ao":0,"shapes":[{"ty":"gr","it":[{"ind":0,"ty":"sh","ks":{"a":0,"k":{"i":[[0,0],[0,0],[0,0],[0,0]],"o":[[0,0],[0,0],[0,0],[0,0]],"v":[[156.15,-16.75],[-156.15,-16.75],[-156.15,16.75],[156.15,16.75]],"c":true}},"nm":"Path 1","hd":false},{"ty":"fl","c":{"a":0,"k":[1,1,1,1]},"o":{"a":0,"k":100},"r":1,"bm":0,"nm":"Fill 1","hd":false},{"ty":"tr","p":{"a":0,"k":[0,0]},"a":{"a":0,"k":[0,0]},"s":{"a":0,"k":[100,100]},"r":{"a":0,"k":0},"o":{"a":0,"k":100},"sk":{"a":0,"k":0},"sa":{"a":0,"k":0},"nm":"Transform"}],"nm":"Path","bm":0,"hd":false}],"ip":0,"op":240,"st":0,"bm":0},{"ddd":0,"ind":57,"ty":4,"nm":"Path","parent":47,"sr":1,"ks":{"o":{"a":0,"k":15},"p":{"a":0,"k":[284.1,286.65,0]}},"ao":0,"shapes":[{"ty":"gr","it":[{"ind":0,"ty":"sh","ks":{"a":0,"k":{"i":[[0,0],[0,0],[0,0],[0,0]],"o":[[0,0],[0,0],[0,0],[0,0]],"v":[[7.8,-59.15],[-7.8,-59.15],[-7.8,59.15],[7.8,59.15]],"c":true}},"nm":"Path 1","hd":false},{"ty":"st","c":{"a":0,"k":[0.278430998325,0.278430998325,0.278430998325,1]},"o":{"a":0,"k":100},"w":{"a":0,"k":6},"lc":2,"lj":2,"bm":0,"nm":"Stroke 1","hd":false},{"ty":"tr","p":{"a":0,"k":[0,0]},"a":{"a":0,"k":[0,0]},"s":{"a":0,"k":[100,100]},"r":{"a":0,"k":0},"o":{"a":0,"k":100},"sk":{"a":0,"k":0},"sa":{"a":0,"k":0},"nm":"Transform"}],"nm":"Path","bm":0,"hd":false}],"ip":0,"op":240,"st":0,"bm":0},{"ddd":0,"ind":58,"ty":4,"nm":"Path","parent":47,"sr":1,"ks":{"o":{"a":0,"k":15},"p":{"a":0,"k":[75.5,286.65,0]}},"ao":0,"shapes":[{"ty":"gr","it":[{"ind":0,"ty":"sh","ks":{"a":0,"k":{"i":[[0,0],[0,0],[0,0],[0,0]],"o":[[0,0],[0,0],[0,0],[0,0]],"v":[[7.8,-59.15],[-7.8,-59.15],[-7.8,59.15],[7.8,59.15]],"c":true}},"nm":"Path 1","hd":false},{"ty":"st","c":{"a":0,"k":[0.278430998325,0.278430998325,0.278430998325,1]},"o":{"a":0,"k":100},"w":{"a":0,"k":6},"lc":2,"lj":2,"bm":0,"nm":"Stroke 1","hd":false},{"ty":"tr","p":{"a":0,"k":[0,0]},"a":{"a":0,"k":[0,0]},"s":{"a":0,"k":[100,100]},"r":{"a":0,"k":0},"o":{"a":0,"k":100},"sk":{"a":0,"k":0},"sa":{"a":0,"k":0},"nm":"Transform"}],"nm":"Path","bm":0,"hd":false}],"ip":0,"op":240,"st":0,"bm":0},{"ddd":0,"ind":59,"ty":4,"nm":"Path","parent":47,"sr":1,"ks":{"o":{"a":0,"k":15},"p":{"a":0,"k":[295.15,398.499,0]}},"ao":0,"shapes":[{"ty":"gr","it":[{"ind":0,"ty":"sh","ks":{"a":0,"k":{"i":[[0,0],[0,0],[0,0],[0,0]],"o":[[0,0],[0,0],[0,0],[0,0]],"v":[[11.15,-27.6],[-11.15,-27.6],[-11.15,27.6],[11.15,27.6]],"c":true}},"nm":"Path 1","hd":false},{"ty":"st","c":{"a":0,"k":[0.278430998325,0.278430998325,0.278430998325,1]},"o":{"a":0,"k":100},"w":{"a":0,"k":6},"lc":2,"lj":2,"bm":0,"nm":"Stroke 1","hd":false},{"ty":"tr","p":{"a":0,"k":[0,0]},"a":{"a":0,"k":[0,0]},"s":{"a":0,"k":[100,100]},"r":{"a":0,"k":0},"o":{"a":0,"k":100},"sk":{"a":0,"k":0},"sa":{"a":0,"k":0},"nm":"Transform"}],"nm":"Path","bm":0,"hd":false}],"ip":0,"op":240,"st":0,"bm":0},{"ddd":0,"ind":60,"ty":4,"nm":"Path","parent":47,"sr":1,"ks":{"o":{"a":0,"k":15},"p":{"a":0,"k":[64.549,398.499,0]}},"ao":0,"shapes":[{"ty":"gr","it":[{"ind":0,"ty":"sh","ks":{"a":0,"k":{"i":[[0,0],[0,0],[0,0],[0,0]],"o":[[0,0],[0,0],[0,0],[0,0]],"v":[[11.15,-27.6],[-11.15,-27.6],[-11.15,27.6],[11.15,27.6]],"c":true}},"nm":"Path 1","hd":false},{"ty":"st","c":{"a":0,"k":[0.278430998325,0.278430998325,0.278430998325,1]},"o":{"a":0,"k":100},"w":{"a":0,"k":6},"lc":2,"lj":2,"bm":0,"nm":"Stroke 1","hd":false},{"ty":"tr","p":{"a":0,"k":[0,0]},"a":{"a":0,"k":[0,0]},"s":{"a":0,"k":[100,100]},"r":{"a":0,"k":0},"o":{"a":0,"k":100},"sk":{"a":0,"k":0},"sa":{"a":0,"k":0},"nm":"Transform"}],"nm":"Path","bm":0,"hd":false}],"ip":0,"op":240,"st":0,"bm":0},{"ddd":0,"ind":61,"ty":3,"nm":"▽ tree 2","parent":72,"sr":1,"ks":{"r":{"a":1,"k":[{"i":{"x":[0.338],"y":[1]},"o":{"x":[0.333],"y":[0]},"t":0,"s":[-5]},{"i":{"x":[0.667],"y":[1]},"o":{"x":[0.667],"y":[0]},"t":120,"s":[5]},{"t":240,"s":[-5]}],"x":"var $bm_rt;\n$bm_rt = loopOut();"},"p":{"a":0,"k":[64.814,381.847,0]},"a":{"a":0,"k":[118.527,130.35,0]}},"ao":0,"ip":0,"op":240,"st":0,"bm":0},{"ddd":0,"ind":62,"ty":4,"nm":"Path","parent":61,"sr":1,"ks":{"o":{"a":0,"k":15},"p":{"a":0,"k":[47.43,67.203,0]}},"ao":0,"shapes":[{"ty":"gr","it":[{"ind":0,"ty":"sh","ks":{"a":0,"k":{"i":[[0,0],[0,0]],"o":[[0,0],[0,0]],"v":[[-10.15,0],[10.15,0]],"c":false}},"nm":"Path 1","hd":false},{"ty":"st","c":{"a":0,"k":[0.278430998325,0.278430998325,0.278430998325,1]},"o":{"a":0,"k":100},"w":{"a":0,"k":6},"lc":2,"lj":2,"bm":0,"nm":"Stroke 1","hd":false},{"ty":"tr","p":{"a":0,"k":[0,0]},"a":{"a":0,"k":[0,0]},"s":{"a":0,"k":[100,100]},"r":{"a":0,"k":0},"o":{"a":0,"k":100},"sk":{"a":0,"k":0},"sa":{"a":0,"k":0},"nm":"Transform"}],"nm":"Path","bm":0,"hd":false}],"ip":0,"op":240,"st":0,"bm":0},{"ddd":0,"ind":63,"ty":4,"nm":"Path","parent":61,"sr":1,"ks":{"o":{"a":0,"k":15},"p":{"a":0,"k":[78.58,74.953,0]}},"ao":0,"shapes":[{"ty":"gr","it":[{"ind":0,"ty":"sh","ks":{"a":0,"k":{"i":[[0,0],[0,0]],"o":[[0,0],[0,0]],"v":[[0,13.25],[0,-13.25]],"c":false}},"nm":"Path 1","hd":false},{"ty":"st","c":{"a":0,"k":[0.278430998325,0.278430998325,0.278430998325,1]},"o":{"a":0,"k":100},"w":{"a":0,"k":6},"lc":2,"lj":2,"bm":0,"nm":"Stroke 1","hd":false},{"ty":"tr","p":{"a":0,"k":[0,0]},"a":{"a":0,"k":[0,0]},"s":{"a":0,"k":[100,100]},"r":{"a":0,"k":0},"o":{"a":0,"k":100},"sk":{"a":0,"k":0},"sa":{"a":0,"k":0},"nm":"Transform"}],"nm":"Path","bm":0,"hd":false}],"ip":0,"op":240,"st":0,"bm":0},{"ddd":0,"ind":64,"ty":4,"nm":"Path","parent":61,"sr":1,"ks":{"o":{"a":0,"k":15},"p":{"a":0,"k":[48.366,52.506,0]}},"ao":0,"shapes":[{"ty":"gr","it":[{"ind":0,"ty":"sh","ks":{"a":0,"k":{"i":[[-18.65,14.07],[19.13,25.35],[18.65,-14.06],[-19.13,-25.35]],"o":[[18.65,-14.07],[-19.12,-25.35],[-18.65,14.07],[19.12,25.35]],"v":[[34.624,45.904],[33.764,-25.476],[-34.626,-45.906],[-33.766,25.474]],"c":true}},"nm":"Path 1","hd":false},{"ty":"st","c":{"a":0,"k":[0.278430998325,0.278430998325,0.278430998325,1]},"o":{"a":0,"k":100},"w":{"a":0,"k":6},"lc":2,"lj":2,"bm":0,"nm":"Stroke 1","hd":false},{"ty":"tr","p":{"a":0,"k":[0,0]},"a":{"a":0,"k":[0,0]},"s":{"a":0,"k":[100,100]},"r":{"a":0,"k":0},"o":{"a":0,"k":100},"sk":{"a":0,"k":0},"sa":{"a":0,"k":0},"nm":"Transform"}],"nm":"Path","bm":0,"hd":false}],"ip":0,"op":240,"st":0,"bm":0},{"ddd":0,"ind":65,"ty":4,"nm":"Path","parent":61,"sr":1,"ks":{"o":{"a":0,"k":15},"p":{"a":0,"k":[78.28,87.953,0]}},"ao":0,"shapes":[{"ty":"gr","it":[{"ind":0,"ty":"sh","ks":{"a":0,"k":{"i":[[0,0],[0,0]],"o":[[0,0],[0,0]],"v":[[41,41.05],[-41,-41.05]],"c":false}},"nm":"Path 1","hd":false},{"ty":"st","c":{"a":0,"k":[0.278430998325,0.278430998325,0.278430998325,1]},"o":{"a":0,"k":100},"w":{"a":0,"k":6},"lc":2,"lj":2,"bm":0,"nm":"Stroke 1","hd":false},{"ty":"tr","p":{"a":0,"k":[0,0]},"a":{"a":0,"k":[0,0]},"s":{"a":0,"k":[100,100]},"r":{"a":0,"k":0},"o":{"a":0,"k":100},"sk":{"a":0,"k":0},"sa":{"a":0,"k":0},"nm":"Transform"}],"nm":"Path","bm":0,"hd":false}],"ip":0,"op":240,"st":0,"bm":0},{"ddd":0,"ind":66,"ty":3,"nm":"▽ tree 1","parent":72,"sr":1,"ks":{"r":{"a":1,"k":[{"i":{"x":[0.338],"y":[1]},"o":{"x":[0.333],"y":[0]},"t":0,"s":[-5]},{"i":{"x":[0.667],"y":[1]},"o":{"x":[0.667],"y":[0]},"t":120,"s":[5]},{"t":240,"s":[-5]}],"x":"var $bm_rt;\n$bm_rt = loopOut();"},"p":{"a":0,"k":[66.02,321.397,0]},"a":{"a":0,"k":[0.453,132.997,0]}},"ao":0,"ip":0,"op":240,"st":0,"bm":0},{"ddd":0,"ind":67,"ty":4,"nm":"Path","parent":66,"sr":1,"ks":{"o":{"a":0,"k":15},"p":{"a":0,"k":[73.8,49.999,0]}},"ao":0,"shapes":[{"ty":"gr","it":[{"ind":0,"ty":"sh","ks":{"a":0,"k":{"i":[[0,0],[0,0]],"o":[[0,0],[0,0]],"v":[[0,8.8],[0,-8.8]],"c":false}},"nm":"Path 1","hd":false},{"ty":"st","c":{"a":0,"k":[0.278430998325,0.278430998325,0.278430998325,1]},"o":{"a":0,"k":100},"w":{"a":0,"k":6},"lc":2,"lj":2,"bm":0,"nm":"Stroke 1","hd":false},{"ty":"tr","p":{"a":0,"k":[0,0]},"a":{"a":0,"k":[0,0]},"s":{"a":0,"k":[100,100]},"r":{"a":0,"k":0},"o":{"a":0,"k":100},"sk":{"a":0,"k":0},"sa":{"a":0,"k":0},"nm":"Transform"}],"nm":"Path","bm":0,"hd":false}],"ip":0,"op":240,"st":0,"bm":0},{"ddd":0,"ind":68,"ty":4,"nm":"Path","parent":66,"sr":1,"ks":{"o":{"a":0,"k":15},"p":{"a":0,"k":[73.75,78.4,0]}},"ao":0,"shapes":[{"ty":"gr","it":[{"ind":0,"ty":"sh","ks":{"a":0,"k":{"i":[[0,0],[0,0]],"o":[[0,0],[0,0]],"v":[[19.55,0],[-19.55,0]],"c":false}},"nm":"Path 1","hd":false},{"ty":"st","c":{"a":0,"k":[0.278430998325,0.278430998325,0.278430998325,1]},"o":{"a":0,"k":100},"w":{"a":0,"k":6},"lc":2,"lj":2,"bm":0,"nm":"Stroke 1","hd":false},{"ty":"tr","p":{"a":0,"k":[0,0]},"a":{"a":0,"k":[0,0]},"s":{"a":0,"k":[100,100]},"r":{"a":0,"k":0},"o":{"a":0,"k":100},"sk":{"a":0,"k":0},"sa":{"a":0,"k":0},"nm":"Transform"}],"nm":"Path","bm":0,"hd":false}],"ip":0,"op":240,"st":0,"bm":0},{"ddd":0,"ind":69,"ty":4,"nm":"Path","parent":66,"sr":1,"ks":{"o":{"a":0,"k":15},"p":{"a":0,"k":[45.7,86.899,0]}},"ao":0,"shapes":[{"ty":"gr","it":[{"ind":0,"ty":"sh","ks":{"a":0,"k":{"i":[[0,0],[0,0]],"o":[[0,0],[0,0]],"v":[[-45.7,45.7],[45.7,-45.7]],"c":false}},"nm":"Path 1","hd":false},{"ty":"st","c":{"a":0,"k":[0.278430998325,0.278430998325,0.278430998325,1]},"o":{"a":0,"k":100},"w":{"a":0,"k":6},"lc":2,"lj":2,"bm":0,"nm":"Stroke 1","hd":false},{"ty":"tr","p":{"a":0,"k":[0,0]},"a":{"a":0,"k":[0,0]},"s":{"a":0,"k":[100,100]},"r":{"a":0,"k":0},"o":{"a":0,"k":100},"sk":{"a":0,"k":0},"sa":{"a":0,"k":0},"nm":"Transform"}],"nm":"Path","bm":0,"hd":false}],"ip":0,"op":240,"st":0,"bm":0},{"ddd":0,"ind":70,"ty":4,"nm":"Path","parent":66,"sr":1,"ks":{"o":{"a":0,"k":15},"p":{"a":0,"k":[83.2,49.4,0]}},"ao":0,"shapes":[{"ty":"gr","it":[{"ind":0,"ty":"sh","ks":{"a":0,"k":{"i":[[-27.28,0],[0,27.28],[27.28,0],[0,-27.28]],"o":[[27.28,0],[0,-27.28],[-27.28,0],[0,27.28]],"v":[[0,49.4],[49.4,0],[0,-49.4],[-49.4,0]],"c":true}},"nm":"Path 1","hd":false},{"ty":"st","c":{"a":0,"k":[0.278430998325,0.278430998325,0.278430998325,1]},"o":{"a":0,"k":100},"w":{"a":0,"k":6},"lc":2,"lj":2,"bm":0,"nm":"Stroke 1","hd":false},{"ty":"tr","p":{"a":0,"k":[0,0]},"a":{"a":0,"k":[0,0]},"s":{"a":0,"k":[100,100]},"r":{"a":0,"k":0},"o":{"a":0,"k":100},"sk":{"a":0,"k":0},"sa":{"a":0,"k":0},"nm":"Transform"}],"nm":"Path","bm":0,"hd":false}],"ip":0,"op":240,"st":0,"bm":0},{"ddd":0,"ind":71,"ty":4,"nm":"Path","parent":66,"sr":1,"ks":{"o":{"a":0,"k":15},"p":{"a":0,"k":[83.2,49.4,0]}},"ao":0,"shapes":[{"ty":"gr","it":[{"ind":0,"ty":"sh","ks":{"a":0,"k":{"i":[[-27.28,0],[0,27.28],[27.28,0],[0,-27.28]],"o":[[27.28,0],[0,-27.28],[-27.28,0],[0,27.28]],"v":[[0,49.4],[49.4,0],[0,-49.4],[-49.4,0]],"c":true}},"nm":"Path 1","hd":false},{"ty":"fl","c":{"a":0,"k":[1,1,1,1]},"o":{"a":0,"k":100},"r":1,"bm":0,"nm":"Fill 1","hd":false},{"ty":"tr","p":{"a":0,"k":[0,0]},"a":{"a":0,"k":[0,0]},"s":{"a":0,"k":[100,100]},"r":{"a":0,"k":0},"o":{"a":0,"k":100},"sk":{"a":0,"k":0},"sa":{"a":0,"k":0},"nm":"Transform"}],"nm":"Path","bm":0,"hd":false}],"ip":0,"op":240,"st":0,"bm":0},{"ddd":0,"ind":72,"ty":3,"nm":"▽ tree 3","parent":47,"sr":1,"ks":{"r":{"a":1,"k":[{"i":{"x":[0.338],"y":[1]},"o":{"x":[0.333],"y":[0]},"t":0,"s":[-3]},{"i":{"x":[0.667],"y":[1]},"o":{"x":[0.667],"y":[0]},"t":120,"s":[3]},{"t":239,"s":[-3]}],"x":"var $bm_rt;\n$bm_rt = loopOut();"},"p":{"a":0,"k":[547.933,429.3,0]},"a":{"a":0,"k":[66,429,0]}},"ao":0,"ip":0,"op":240,"st":0,"bm":0},{"ddd":0,"ind":73,"ty":4,"nm":"Path","parent":72,"sr":1,"ks":{"o":{"a":0,"k":15},"p":{"a":0,"k":[48.417,195.749,0]}},"ao":0,"shapes":[{"ty":"gr","it":[{"ind":0,"ty":"sh","ks":{"a":0,"k":{"i":[[0,0],[0,0]],"o":[[0,0],[0,0]],"v":[[17.15,17.15],[-17.15,-17.15]],"c":false}},"nm":"Path 1","hd":false},{"ty":"st","c":{"a":0,"k":[0.278430998325,0.278430998325,0.278430998325,1]},"o":{"a":0,"k":100},"w":{"a":0,"k":6},"lc":2,"lj":2,"bm":0,"nm":"Stroke 1","hd":false},{"ty":"tr","p":{"a":0,"k":[0,0]},"a":{"a":0,"k":[0,0]},"s":{"a":0,"k":[100,100]},"r":{"a":0,"k":0},"o":{"a":0,"k":100},"sk":{"a":0,"k":0},"sa":{"a":0,"k":0},"nm":"Transform"}],"nm":"Path","bm":0,"hd":false}],"ip":0,"op":240,"st":0,"bm":0},{"ddd":0,"ind":74,"ty":4,"nm":"Path","parent":72,"sr":1,"ks":{"o":{"a":0,"k":15},"p":{"a":0,"k":[78.167,141.6,0]}},"ao":0,"shapes":[{"ty":"gr","it":[{"ind":0,"ty":"sh","ks":{"a":0,"k":{"i":[[0,0],[0,0]],"o":[[0,0],[0,0]],"v":[[-12.6,12.6],[12.6,-12.6]],"c":false}},"nm":"Path 1","hd":false},{"ty":"st","c":{"a":0,"k":[0.278430998325,0.278430998325,0.278430998325,1]},"o":{"a":0,"k":100},"w":{"a":0,"k":6},"lc":2,"lj":2,"bm":0,"nm":"Stroke 1","hd":false},{"ty":"tr","p":{"a":0,"k":[0,0]},"a":{"a":0,"k":[0,0]},"s":{"a":0,"k":[100,100]},"r":{"a":0,"k":0},"o":{"a":0,"k":100},"sk":{"a":0,"k":0},"sa":{"a":0,"k":0},"nm":"Transform"}],"nm":"Path","bm":0,"hd":false}],"ip":0,"op":240,"st":0,"bm":0},{"ddd":0,"ind":75,"ty":4,"nm":"Path","parent":72,"sr":1,"ks":{"o":{"a":0,"k":15},"p":{"a":0,"k":[65.584,124.35,0]}},"ao":0,"shapes":[{"ty":"gr","it":[{"ind":0,"ty":"sh","ks":{"a":0,"k":{"i":[[-8.5,-11],[113.5,0],[-24.2,31.5],[-7.7,0]],"o":[[24.3,31.5],[-113.5,0],[8.5,-11],[7.7,0]],"v":[[26.086,-108.55],[-0.014,124.35],[-26.114,-108.55],[-0.014,-124.35]],"c":true}},"nm":"Path 1","hd":false},{"ty":"st","c":{"a":0,"k":[0.278430998325,0.278430998325,0.278430998325,1]},"o":{"a":0,"k":100},"w":{"a":0,"k":6},"lc":2,"lj":2,"bm":0,"nm":"Stroke 1","hd":false},{"ty":"tr","p":{"a":0,"k":[0,0]},"a":{"a":0,"k":[0,0]},"s":{"a":0,"k":[100,100]},"r":{"a":0,"k":0},"o":{"a":0,"k":100},"sk":{"a":0,"k":0},"sa":{"a":0,"k":0},"nm":"Transform"}],"nm":"Path","bm":0,"hd":false}],"ip":0,"op":240,"st":0,"bm":0},{"ddd":0,"ind":76,"ty":4,"nm":"Path","parent":72,"sr":1,"ks":{"o":{"a":0,"k":15},"p":{"a":0,"k":[65.567,266.749,0]}},"ao":0,"shapes":[{"ty":"gr","it":[{"ind":0,"ty":"sh","ks":{"a":0,"k":{"i":[[0,0],[0,0]],"o":[[0,0],[0,0]],"v":[[0,162.65],[0,-162.65]],"c":false}},"nm":"Path 1","hd":false},{"ty":"st","c":{"a":0,"k":[0.278430998325,0.278430998325,0.278430998325,1]},"o":{"a":0,"k":100},"w":{"a":0,"k":6},"lc":2,"lj":2,"bm":0,"nm":"Stroke 1","hd":false},{"ty":"tr","p":{"a":0,"k":[0,0]},"a":{"a":0,"k":[0,0]},"s":{"a":0,"k":[100,100]},"r":{"a":0,"k":0},"o":{"a":0,"k":100},"sk":{"a":0,"k":0},"sa":{"a":0,"k":0},"nm":"Transform"}],"nm":"Path","bm":0,"hd":false}],"ip":0,"op":240,"st":0,"bm":0},{"ddd":0,"ind":77,"ty":4,"nm":"base","parent":1,"sr":1,"ks":{"o":{"a":0,"k":15},"p":{"a":0,"k":[500,748.7,0]}},"ao":0,"shapes":[{"ty":"gr","it":[{"ind":0,"ty":"sh","ks":{"a":0,"k":{"i":[[0,0],[0,0]],"o":[[0,0],[0,0]],"v":[[-331,0],[331,0]],"c":false}},"nm":"Path 1","hd":false},{"ty":"st","c":{"a":0,"k":[0.278430998325,0.278430998325,0.278430998325,1]},"o":{"a":0,"k":100},"w":{"a":0,"k":6},"lc":2,"lj":2,"bm":0,"nm":"Stroke 1","hd":false},{"ty":"tr","p":{"a":0,"k":[0,0]},"a":{"a":0,"k":[0,0]},"s":{"a":0,"k":[100,100]},"r":{"a":0,"k":0},"o":{"a":0,"k":100},"sk":{"a":0,"k":0},"sa":{"a":0,"k":0},"nm":"Transform"}],"nm":"base","bm":0,"hd":false}],"ip":0,"op":240,"st":0,"bm":0}],"markers":[]}