{"v":"5.6.3","fr":60,"ip":0,"op":180,"w":400,"h":400,"nm":"Bullet Points Icon - Beans","ddd":0,"assets":[],"layers":[{"ddd":0,"ind":1,"ty":4,"nm":"Coffee beans/instabrew-difference-icons Outlines","sr":1,"ks":{"o":{"a":0,"k":100,"ix":11},"r":{"a":0,"k":0,"ix":10},"p":{"a":0,"k":[201.31,209.992,0],"ix":2},"a":{"a":0,"k":[185.898,151.752,0],"ix":1},"s":{"a":0,"k":[108,108,100],"ix":6}},"ao":0,"shapes":[{"ty":"gr","it":[{"ty":"gr","it":[{"ind":0,"ty":"sh","ix":1,"ks":{"a":0,"k":{"i":[[2.139,0],[1.264,0.948],[0,0],[-2.332,3.109],[-3.099,-2.327],[0,0],[2.332,-3.109]],"o":[[-1.471,0],[0,0],[-3.108,-2.331],[2.336,-3.108],[0,0],[3.109,2.332],[-1.383,1.844]],"v":[[9.378,14.534],[5.161,13.129],[-13.605,-0.947],[-15.013,-10.798],[-5.161,-12.208],[13.604,1.867],[15.013,11.719]],"c":true},"ix":2},"nm":"Path 1","mn":"ADBE Vector Shape - Group","hd":false},{"ty":"fl","c":{"a":0,"k":[0.797943534103,0.668889662799,0.557939237707,1],"ix":4},"o":{"a":0,"k":100,"ix":5},"r":1,"bm":0,"nm":"Fill 1","mn":"ADBE Vector Graphic - Fill","hd":false},{"ty":"tr","p":{"a":0,"k":[80.108,250.927],"ix":2},"a":{"a":0,"k":[0,0],"ix":1},"s":{"a":0,"k":[100,100],"ix":3},"r":{"a":0,"k":0,"ix":6},"o":{"a":0,"k":100,"ix":7},"sk":{"a":0,"k":0,"ix":4},"sa":{"a":0,"k":0,"ix":5},"nm":"Transform"}],"nm":"Group 1","np":2,"cix":2,"bm":0,"ix":1,"mn":"ADBE Vector Group","hd":false},{"ty":"gr","it":[{"ind":0,"ty":"sh","ix":1,"ks":{"a":0,"k":{"i":[[1.34,0],[1.356,2.034],[0,0],[-3.234,2.155],[-2.16,-3.235],[0,0],[3.235,-2.156]],"o":[[-2.275,0],[0,0],[-2.155,-3.234],[3.237,-2.158],[0,0],[2.156,3.234],[-1.2,0.799]],"v":[[4.698,14.562],[-1.164,11.428],[-10.547,-2.646],[-8.595,-12.404],[1.163,-10.452],[10.546,3.622],[8.594,13.38]],"c":true},"ix":2},"nm":"Path 1","mn":"ADBE Vector Shape - Group","hd":false},{"ty":"fl","c":{"a":0,"k":[0.797943534103,0.668889662799,0.557939237707,1],"ix":4},"o":{"a":0,"k":100,"ix":5},"r":1,"bm":0,"nm":"Fill 1","mn":"ADBE Vector Graphic - Fill","hd":false},{"ty":"tr","p":{"a":0,"k":[51.96,222.752],"ix":2},"a":{"a":0,"k":[0,0],"ix":1},"s":{"a":0,"k":[100,100],"ix":3},"r":{"a":0,"k":0,"ix":6},"o":{"a":0,"k":100,"ix":7},"sk":{"a":0,"k":0,"ix":4},"sa":{"a":0,"k":0,"ix":5},"nm":"Transform"}],"nm":"Group 2","np":2,"cix":2,"bm":0,"ix":2,"mn":"ADBE Vector Group","hd":false},{"ty":"gr","it":[{"ind":0,"ty":"sh","ix":1,"ks":{"a":0,"k":{"i":[[3.887,0],[0,3.887],[0,0],[2.588,7.912],[6.253,9.795],[5.145,10.173],[-0.14,1.894],[-3.89,-0.291],[0.284,-3.874],[-13.889,-27.464],[-4.396,-6.886],[-4.712,-14.39],[0,-10.533],[0,0]],"o":[[-3.887,0],[0,0],[0,-9.044],[-4.158,-12.695],[-4.369,-6.842],[-15.673,-30.986],[0.286,-3.874],[3.873,0.286],[-0.033,0.426],[4.828,9.543],[6.485,10.159],[3.054,9.327],[0,0],[0,3.887]],"v":[[24.924,110.382],[17.887,103.345],[17.887,55.378],[13.986,29.825],[-1.824,-1.122],[-16.288,-25.894],[-28.699,-103.596],[-21.162,-110.09],[-14.661,-102.556],[-3.73,-32.243],[10.039,-8.695],[27.361,25.448],[31.961,55.378],[31.961,103.345]],"c":true},"ix":2},"nm":"Path 1","mn":"ADBE Vector Shape - Group","hd":false},{"ty":"fl","c":{"a":0,"k":[0.797943534103,0.668889662799,0.557939237707,1],"ix":4},"o":{"a":0,"k":100,"ix":5},"r":1,"bm":0,"nm":"Fill 1","mn":"ADBE Vector Graphic - Fill","hd":false},{"ty":"tr","p":{"a":0,"k":[83.332,169.154],"ix":2},"a":{"a":0,"k":[0,0],"ix":1},"s":{"a":0,"k":[100,100],"ix":3},"r":{"a":0,"k":0,"ix":6},"o":{"a":0,"k":100,"ix":7},"sk":{"a":0,"k":0,"ix":4},"sa":{"a":0,"k":0,"ix":5},"nm":"Transform"}],"nm":"Group 3","np":2,"cix":2,"bm":0,"ix":3,"mn":"ADBE Vector Group","hd":false},{"ty":"gr","it":[{"ind":0,"ty":"sh","ix":1,"ks":{"a":0,"k":{"i":[[3.131,0],[0.591,0.154],[-0.967,3.762],[28.606,46.437],[2.548,4.068],[0.794,56.165],[-3.885,0.055],[-0.057,-3.887],[-21.015,-33.563],[-3.196,-5.184],[0.582,-2.247]],"o":[[-0.582,0],[-3.761,-0.969],[0.171,-0.682],[-3.173,-5.152],[-23.103,-36.897],[-0.055,-3.887],[3.821,-0.048],[0.756,53.479],[2.566,4.093],[31.893,51.777],[-0.818,3.173]],"v":[[17.557,110.227],[15.793,110],[10.738,101.435],[-5.673,4.94],[-14.236,-8.82],[-38.15,-102.954],[-31.214,-110.179],[-24.079,-103.33],[-2.308,-16.288],[6.312,-2.441],[24.365,104.947]],"c":true},"ix":2},"nm":"Path 1","mn":"ADBE Vector Shape - Group","hd":false},{"ty":"fl","c":{"a":0,"k":[0.797943534103,0.668889662799,0.557939237707,1],"ix":4},"o":{"a":0,"k":100,"ix":5},"r":1,"bm":0,"nm":"Fill 1","mn":"ADBE Vector Graphic - Fill","hd":false},{"ty":"tr","p":{"a":0,"k":[111.223,164.62],"ix":2},"a":{"a":0,"k":[0,0],"ix":1},"s":{"a":0,"k":[100,100],"ix":3},"r":{"a":0,"k":0,"ix":6},"o":{"a":0,"k":100,"ix":7},"sk":{"a":0,"k":0,"ix":4},"sa":{"a":0,"k":0,"ix":5},"nm":"Transform"}],"nm":"Group 4","np":2,"cix":2,"bm":0,"ix":4,"mn":"ADBE Vector Group","hd":false},{"ty":"gr","it":[{"ind":0,"ty":"sh","ix":1,"ks":{"a":0,"k":{"i":[[63.138,-15.27],[3.391,-53.415],[-28.964,-24.842],[-17.51,5.777],[-0.598,0.039],[-4.013,74.099],[1.301,4.689]],"o":[[-5.587,3.17],[-2.451,38.525],[19.672,16.874],[0.568,-0.185],[1.604,-0.135],[0.33,-6.054],[-15.304,-55.121]],"v":[[-27.853,-89.514],[-72.593,-10.604],[-30.251,90.596],[25.781,107.326],[27.538,106.986],[72.511,28.602],[70.835,2.85]],"c":true},"ix":2},"nm":"Path 1","mn":"ADBE Vector Shape - Group","hd":false},{"ind":1,"ty":"sh","ix":2,"ks":{"a":0,"k":{"i":[[5.782,0],[17.21,14.764],[-2.728,42.912],[-1.993,1.028],[-0.529,0.131],[-11.901,-42.856],[0.35,-6.449],[7.601,-0.937]],"o":[[-16.962,0],[-32.299,-27.706],[4.123,-64.936],[0.483,-0.25],[82.47,-20.614],[1.947,7.019],[-4.421,81.622],[-5.589,1.762]],"v":[[12.362,123.569],[-39.414,101.28],[-86.639,-11.497],[-33.653,-102.382],[-32.13,-102.955],[84.396,-0.917],[86.565,29.362],[29.444,120.932]],"c":true},"ix":2},"nm":"Path 2","mn":"ADBE Vector Shape - Group","hd":false},{"ty":"mm","mm":1,"nm":"Merge Paths 1","mn":"ADBE Vector Filter - Merge","hd":false},{"ty":"fl","c":{"a":0,"k":[0.797943534103,0.668889662799,0.557939237707,1],"ix":4},"o":{"a":0,"k":100,"ix":5},"r":1,"bm":0,"nm":"Fill 1","mn":"ADBE Vector Graphic - Fill","hd":false},{"ty":"tr","p":{"a":0,"k":[89.617,160.621],"ix":2},"a":{"a":0,"k":[0,0],"ix":1},"s":{"a":0,"k":[100,100],"ix":3},"r":{"a":0,"k":0,"ix":6},"o":{"a":0,"k":100,"ix":7},"sk":{"a":0,"k":0,"ix":4},"sa":{"a":0,"k":0,"ix":5},"nm":"Transform"}],"nm":"Group 5","np":6,"cix":2,"bm":0,"ix":5,"mn":"ADBE Vector Group","hd":false},{"ty":"tr","p":{"a":1,"k":[{"i":{"x":0.58,"y":1},"o":{"x":0.42,"y":0},"t":0,"s":[185.697,148.177],"to":[0,2.167],"ti":[0,0]},{"i":{"x":0.58,"y":1},"o":{"x":0.42,"y":0},"t":90,"s":[185.697,161.177],"to":[0,0],"ti":[0,2.167]},{"t":179,"s":[185.697,148.177]}],"ix":2},"a":{"a":0,"k":[185.697,148.177],"ix":1},"s":{"a":0,"k":[100,100],"ix":3},"r":{"a":0,"k":0,"ix":6},"o":{"a":0,"k":100,"ix":7},"sk":{"a":0,"k":0,"ix":4},"sa":{"a":0,"k":-26,"ix":5},"nm":"Transform"}],"nm":"Group 11","np":5,"cix":2,"bm":0,"ix":1,"mn":"ADBE Vector Group","hd":false},{"ty":"gr","it":[{"ty":"gr","it":[{"ind":0,"ty":"sh","ix":1,"ks":{"a":0,"k":{"i":[[2.14,0],[1.264,0.948],[-2.332,3.109],[0,0],[-3.101,-2.325],[2.332,-3.108],[0,0]],"o":[[-1.471,0],[-3.109,-2.332],[0,0],[2.334,-3.109],[3.109,2.332],[0,0],[-1.383,1.844]],"v":[[-7.042,16.879],[-11.259,15.473],[-12.668,5.62],[1.406,-13.145],[11.258,-14.554],[12.667,-4.702],[-1.407,14.064]],"c":true},"ix":2},"nm":"Path 1","mn":"ADBE Vector Shape - Group","hd":false},{"ty":"fl","c":{"a":0,"k":[0.797943534103,0.668889662799,0.557939237707,1],"ix":4},"o":{"a":0,"k":100,"ix":5},"r":1,"bm":0,"nm":"Fill 1","mn":"ADBE Vector Graphic - Fill","hd":false},{"ty":"tr","p":{"a":0,"k":[227.885,79.695],"ix":2},"a":{"a":0,"k":[0,0],"ix":1},"s":{"a":0,"k":[100,100],"ix":3},"r":{"a":0,"k":0,"ix":6},"o":{"a":0,"k":100,"ix":7},"sk":{"a":0,"k":0,"ix":4},"sa":{"a":0,"k":0,"ix":5},"nm":"Transform"}],"nm":"Group 6","np":2,"cix":2,"bm":0,"ix":1,"mn":"ADBE Vector Group","hd":false},{"ty":"gr","it":[{"ind":0,"ty":"sh","ix":1,"ks":{"a":0,"k":{"i":[[1.34,0],[1.356,2.034],[-3.235,2.156],[0,0],[-2.155,-3.232],[3.234,-2.155],[0,0]],"o":[[-2.275,0],[-2.155,-3.234],[0,0],[3.237,-2.16],[2.156,3.234],[0,0],[-1.2,0.799]],"v":[[-7.031,12.217],[-12.893,9.084],[-10.941,-0.675],[3.133,-10.057],[12.891,-8.105],[10.94,1.653],[-3.135,11.036]],"c":true},"ix":2},"nm":"Path 1","mn":"ADBE Vector Shape - Group","hd":false},{"ty":"fl","c":{"a":0,"k":[0.797943534103,0.668889662799,0.557939237707,1],"ix":4},"o":{"a":0,"k":100,"ix":5},"r":1,"bm":0,"nm":"Fill 1","mn":"ADBE Vector Graphic - Fill","hd":false},{"ty":"tr","p":{"a":0,"k":[256.034,51.517],"ix":2},"a":{"a":0,"k":[0,0],"ix":1},"s":{"a":0,"k":[100,100],"ix":3},"r":{"a":0,"k":0,"ix":6},"o":{"a":0,"k":100,"ix":7},"sk":{"a":0,"k":0,"ix":4},"sa":{"a":0,"k":0,"ix":5},"nm":"Transform"}],"nm":"Group 7","np":2,"cix":2,"bm":0,"ix":2,"mn":"ADBE Vector Group","hd":false},{"ty":"gr","it":[{"ind":0,"ty":"sh","ix":1,"ks":{"a":0,"k":{"i":[[1.523,0],[1.388,1.761],[-3.054,2.402],[0,0],[-3.207,7.779],[-1.549,12.175],[-2.726,11.623],[-1.42,1.34],[-2.669,-2.824],[2.824,-2.666],[7.342,-31.314],[1.089,-8.56],[5.988,-14.523],[7.268,-8.052],[0.311,-0.245],[0,0]],"o":[[-2.082,0],[-2.405,-3.054],[0,0],[5.995,-6.73],[5.273,-12.792],[1.081,-8.501],[8.318,-35.48],[2.824,-2.66],[2.666,2.827],[-0.316,0.3],[-2.558,10.913],[-1.605,12.624],[-3.892,9.443],[-0.266,0.293],[0,0],[-1.29,1.017]],"v":[[-51.373,98.173],[-56.906,95.491],[-55.732,85.609],[-23.557,60.267],[-9.694,38.407],[-1.535,2.924],[3.497,-26.835],[46.701,-95.512],[56.645,-95.219],[56.355,-85.273],[17.201,-23.623],[12.426,4.701],[3.316,43.771],[-13.501,70.135],[-14.369,70.945],[-47.023,96.663]],"c":true},"ix":2},"nm":"Path 1","mn":"ADBE Vector Shape - Group","hd":false},{"ty":"fl","c":{"a":0,"k":[0.797943534103,0.668889662799,0.557939237707,1],"ix":4},"o":{"a":0,"k":100,"ix":5},"r":1,"bm":0,"nm":"Fill 1","mn":"ADBE Vector Graphic - Fill","hd":false},{"ty":"tr","p":{"a":0,"k":[263.148,114.248],"ix":2},"a":{"a":0,"k":[0,0],"ix":1},"s":{"a":0,"k":[100,100],"ix":3},"r":{"a":0,"k":0,"ix":6},"o":{"a":0,"k":100,"ix":7},"sk":{"a":0,"k":0,"ix":4},"sa":{"a":0,"k":0,"ix":5},"nm":"Transform"}],"nm":"Group 8","np":2,"cix":2,"bm":0,"ix":3,"mn":"ADBE Vector Group","hd":false},{"ty":"gr","it":[{"ind":0,"ty":"sh","ix":1,"ks":{"a":0,"k":{"i":[[1.31,0],[1.347,2.08],[-3.256,2.117],[-10.148,52.855],[-0.857,4.655],[-37.329,41.601],[-2.886,-2.595],[2.596,-2.893],[7.065,-38.334],[1.132,-5.896],[1.944,-1.259]],"o":[[-2.307,0],[-2.112,-3.259],[0.426,-0.277],[1.125,-5.86],[7.781,-42.234],[2.598,-2.891],[2.893,2.595],[-35.505,39.57],[-0.861,4.685],[-11.312,58.917],[-1.182,0.768]],"v":[[-51.506,98.884],[-57.418,95.673],[-55.347,85.946],[-2.414,4.645],[0.525,-11.06],[46.348,-95.69],[56.34,-96.289],[56.935,-86.414],[14.365,-8.51],[11.408,7.298],[-47.688,97.752]],"c":true},"ix":2},"nm":"Path 1","mn":"ADBE Vector Shape - Group","hd":false},{"ty":"fl","c":{"a":0,"k":[0.797943534103,0.668889662799,0.557939237707,1],"ix":4},"o":{"a":0,"k":100,"ix":5},"r":1,"bm":0,"nm":"Fill 1","mn":"ADBE Vector Graphic - Fill","hd":false},{"ty":"tr","p":{"a":0,"k":[286.435,124.355],"ix":2},"a":{"a":0,"k":[0,0],"ix":1},"s":{"a":0,"k":[100,100],"ix":3},"r":{"a":0,"k":0,"ix":6},"o":{"a":0,"k":100,"ix":7},"sk":{"a":0,"k":0,"ix":4},"sa":{"a":0,"k":0,"ix":5},"nm":"Transform"}],"nm":"Group 9","np":2,"cix":2,"bm":0,"ix":4,"mn":"ADBE Vector Group","hd":false},{"ty":"gr","it":[{"ind":0,"ty":"sh","ix":1,"ks":{"a":0,"k":{"i":[[8.437,0],[25.361,-24.987],[-5.055,-38.387],[-16.935,-7.72],[-0.463,-0.374],[-52.2,52.418],[-2.146,4.38],[57.331,31.978]],"o":[[-16.94,0],[-27.438,27.037],[3.445,26.137],[0.541,0.245],[1.285,1.003],[4.268,-4.283],[25.287,-51.637],[-2.08,-0.486]],"v":[[28.434,-92.622],[-40.759,-62.829],[-76.503,41.656],[-45.789,92.679],[-44.277,93.614],[41.248,66.068],[57.109,45.743],[44.918,-90.943]],"c":true},"ix":2},"nm":"Path 1","mn":"ADBE Vector Shape - Group","hd":false},{"ind":1,"ty":"sh","ix":2,"ks":{"a":0,"k":{"i":[[18.078,0],[2.991,2.15],[4.018,30.487],[-30.563,30.115],[-2.164,-0.595],[-0.479,-0.261],[19.611,-40.046],[4.554,-4.573]],"o":[[-16.671,0],[-20.93,-9.873],[-5.628,-42.737],[46.318,-45.633],[0.525,0.145],[74.965,41.061],[-3.216,6.565],[-30.011,30.129]],"v":[[-21.989,114.017],[-52.331,105.157],[-90.458,43.493],[-50.636,-72.853],[49.389,-104.33],[50.899,-103.718],[69.749,51.932],[51.222,76.001]],"c":true},"ix":2},"nm":"Path 2","mn":"ADBE Vector Shape - Group","hd":false},{"ty":"mm","mm":1,"nm":"Merge Paths 1","mn":"ADBE Vector Filter - Merge","hd":false},{"ty":"fl","c":{"a":0,"k":[0.797943534103,0.668889662799,0.557939237707,1],"ix":4},"o":{"a":0,"k":100,"ix":5},"r":1,"bm":0,"nm":"Fill 1","mn":"ADBE Vector Graphic - Fill","hd":false},{"ty":"tr","p":{"a":0,"k":[272.605,118.736],"ix":2},"a":{"a":0,"k":[0,0],"ix":1},"s":{"a":0,"k":[100,100],"ix":3},"r":{"a":0,"k":0,"ix":6},"o":{"a":0,"k":100,"ix":7},"sk":{"a":0,"k":0,"ix":4},"sa":{"a":0,"k":0,"ix":5},"nm":"Transform"}],"nm":"Group 10","np":6,"cix":2,"bm":0,"ix":5,"mn":"ADBE Vector Group","hd":false},{"ty":"tr","p":{"a":1,"k":[{"i":{"x":0.58,"y":1},"o":{"x":0.42,"y":0},"t":0,"s":[185.697,148.177],"to":[0,-2.167],"ti":[0,0]},{"i":{"x":0.58,"y":1},"o":{"x":0.42,"y":0},"t":90,"s":[185.697,135.177],"to":[0,0],"ti":[0,-2.167]},{"t":179,"s":[185.697,148.177]}],"ix":2},"a":{"a":0,"k":[185.697,148.177],"ix":1},"s":{"a":0,"k":[100,100],"ix":3},"r":{"a":0,"k":0,"ix":6},"o":{"a":0,"k":100,"ix":7},"sk":{"a":0,"k":0,"ix":4},"sa":{"a":0,"k":-26,"ix":5},"nm":"Transform"}],"nm":"Group 12","np":5,"cix":2,"bm":0,"ix":2,"mn":"ADBE Vector Group","hd":false}],"ip":0,"op":180,"st":0,"bm":0}],"markers":[]}