{"v":"5.7.8","fr":50,"ip":0,"op":51,"w":500,"h":500,"nm":"Coffee","ddd":0,"assets":[],"layers":[{"ddd":0,"ind":1,"ty":4,"nm":"RLEG","sr":1,"ks":{"o":{"a":0,"k":100,"ix":11},"r":{"a":1,"k":[{"i":{"x":[0.833],"y":[0.833]},"o":{"x":[0.167],"y":[0.167]},"t":0,"s":[30]},{"i":{"x":[0.833],"y":[0.833]},"o":{"x":[0.167],"y":[0.167]},"t":13,"s":[-30]},{"i":{"x":[0.833],"y":[0.833]},"o":{"x":[0.167],"y":[0.167]},"t":25,"s":[30]},{"i":{"x":[0.833],"y":[0.833]},"o":{"x":[0.167],"y":[0.167]},"t":38,"s":[-30]},{"t":51,"s":[30]}],"ix":10},"p":{"a":1,"k":[{"i":{"x":0.667,"y":1},"o":{"x":0.333,"y":0},"t":0,"s":[241.577,293.933,0],"to":[0,-0.5,0],"ti":[0,0,0]},{"i":{"x":0.667,"y":1},"o":{"x":0.333,"y":0},"t":6,"s":[241.577,290.933,0],"to":[0,0,0],"ti":[0,0,0]},{"i":{"x":0.667,"y":1},"o":{"x":0.333,"y":0},"t":13,"s":[241.577,293.933,0],"to":[0,0,0],"ti":[0,0,0]},{"i":{"x":0.667,"y":1},"o":{"x":0.333,"y":0},"t":19,"s":[241.577,290.933,0],"to":[0,0,0],"ti":[0,0,0]},{"i":{"x":0.667,"y":1},"o":{"x":0.333,"y":0},"t":25,"s":[241.577,293.933,0],"to":[0,0,0],"ti":[0,0,0]},{"i":{"x":0.667,"y":1},"o":{"x":0.333,"y":0},"t":32,"s":[241.577,290.933,0],"to":[0,0,0],"ti":[0,0,0]},{"i":{"x":0.667,"y":1},"o":{"x":0.333,"y":0},"t":38,"s":[241.577,293.933,0],"to":[0,0,0],"ti":[0,0,0]},{"i":{"x":0.667,"y":1},"o":{"x":0.333,"y":0},"t":45,"s":[241.577,290.933,0],"to":[0,0,0],"ti":[0,-0.5,0]},{"t":51,"s":[241.577,293.933,0]}],"ix":2,"l":2},"a":{"a":0,"k":[264.472,313.667,0],"ix":1,"l":2},"s":{"a":0,"k":[80,80,100],"ix":6,"l":2}},"ao":0,"shapes":[{"ty":"gr","it":[{"ind":0,"ty":"sh","ix":1,"ks":{"a":1,"k":[{"i":{"x":0.833,"y":0.833},"o":{"x":0.167,"y":0.167},"t":0,"s":[{"i":[[0,0],[-8.675,-17.236]],"o":[[0,0],[0,0]],"v":[[264.472,313.474],[264.472,370.735]],"c":false}]},{"i":{"x":0.833,"y":0.833},"o":{"x":0.167,"y":0.167},"t":7,"s":[{"i":[[0,0],[45.861,-48.881]],"o":[[0,0],[0,0]],"v":[[264.472,313.474],[270.937,342.222]],"c":false}]},{"i":{"x":0.833,"y":0.833},"o":{"x":0.167,"y":0.167},"t":13,"s":[{"i":[[0,0],[-8.675,-17.236]],"o":[[0,0],[0,0]],"v":[[264.472,313.474],[264.472,370.735]],"c":false}]},{"i":{"x":0.833,"y":0.833},"o":{"x":0.167,"y":0.167},"t":25,"s":[{"i":[[0,0],[-8.675,-17.236]],"o":[[0,0],[0,0]],"v":[[264.472,313.474],[264.472,370.735]],"c":false}]},{"i":{"x":0.833,"y":0.833},"o":{"x":0.167,"y":0.167},"t":32,"s":[{"i":[[0,0],[45.861,-48.881]],"o":[[0,0],[0,0]],"v":[[264.472,313.474],[270.937,342.222]],"c":false}]},{"t":38,"s":[{"i":[[0,0],[-8.675,-17.236]],"o":[[0,0],[0,0]],"v":[[264.472,313.474],[264.472,370.735]],"c":false}]}],"ix":2},"nm":"Path 1","mn":"ADBE Vector Shape - Group","hd":false},{"ty":"st","c":{"a":0,"k":[0,0,0,1],"ix":3},"o":{"a":0,"k":100,"ix":4},"w":{"a":0,"k":6,"ix":5},"lc":2,"lj":1,"ml":10,"bm":0,"nm":"Stroke 1","mn":"ADBE Vector Graphic - Stroke","hd":false},{"ty":"tr","p":{"a":0,"k":[0,0],"ix":2},"a":{"a":0,"k":[0,0],"ix":1},"s":{"a":0,"k":[100,100],"ix":3},"r":{"a":0,"k":0,"ix":6},"o":{"a":0,"k":100,"ix":7},"sk":{"a":0,"k":0,"ix":4},"sa":{"a":0,"k":0,"ix":5},"nm":"Transform"}],"nm":"Group 2","np":2,"cix":2,"bm":0,"ix":1,"mn":"ADBE Vector Group","hd":false}],"ip":0,"op":250,"st":0,"bm":0},{"ddd":0,"ind":2,"ty":4,"nm":"coffee Outlines - Group 3","parent":6,"sr":1,"ks":{"o":{"a":0,"k":100,"ix":11},"r":{"a":0,"k":0,"ix":10},"p":{"a":0,"k":[303.569,260.514,0],"ix":2,"l":2},"a":{"a":0,"k":[303.569,260.514,0],"ix":1,"l":2},"s":{"a":0,"k":[100,100,100],"ix":6,"l":2}},"ao":0,"shapes":[{"ty":"gr","it":[{"ind":0,"ty":"sh","ix":1,"ks":{"a":0,"k":{"i":[[0,0],[4.971,0],[0,4.971],[0,0],[0,0]],"o":[[0,4.971],[-4.971,0],[0,0],[0,0],[0,0]],"v":[[9,-1.785],[0,7.215],[-9,-1.785],[-9,-7.214],[9,-7.214]],"c":true},"ix":2},"nm":"Path 1","mn":"ADBE Vector Shape - Group","hd":false},{"ty":"st","c":{"a":0,"k":[0,0,0,1],"ix":3},"o":{"a":0,"k":100,"ix":4},"w":{"a":0,"k":6,"ix":5},"lc":2,"lj":2,"bm":0,"nm":"Stroke 1","mn":"ADBE Vector Graphic - Stroke","hd":false},{"ty":"fl","c":{"a":0,"k":[0.944999964097,0.948999980852,0.948999980852,1],"ix":4},"o":{"a":0,"k":100,"ix":5},"r":1,"bm":0,"nm":"Fill 1","mn":"ADBE Vector Graphic - Fill","hd":false},{"ty":"tr","p":{"a":0,"k":[303.569,260.514],"ix":2},"a":{"a":0,"k":[0,0],"ix":1},"s":{"a":0,"k":[100,100],"ix":3},"r":{"a":0,"k":0,"ix":6},"o":{"a":0,"k":100,"ix":7},"sk":{"a":0,"k":0,"ix":4},"sa":{"a":0,"k":0,"ix":5},"nm":"Transform"}],"nm":"Group 3","np":3,"cix":2,"bm":0,"ix":1,"mn":"ADBE Vector Group","hd":false}],"ip":0,"op":250,"st":0,"bm":0},{"ddd":0,"ind":3,"ty":4,"nm":"coffee Outlines - Group 4","parent":6,"sr":1,"ks":{"o":{"a":0,"k":100,"ix":11},"r":{"a":0,"k":0,"ix":10},"p":{"a":0,"k":[318.189,244.299,0],"ix":2,"l":2},"a":{"a":0,"k":[318.189,244.299,0],"ix":1,"l":2},"s":{"a":0,"k":[100,100,100],"ix":6,"l":2}},"ao":0,"shapes":[{"ty":"gr","it":[{"ind":0,"ty":"sh","ix":1,"ks":{"a":0,"k":{"i":[[0,-2.761],[2.762,0],[0,2.762],[-2.762,0]],"o":[[0,2.762],[-2.762,0],[0,-2.761],[2.762,0]],"v":[[5,0],[0,5],[-5,0],[0,-5]],"c":true},"ix":2},"nm":"Path 1","mn":"ADBE Vector Shape - Group","hd":false},{"ty":"fl","c":{"a":0,"k":[0,0,0,1],"ix":4},"o":{"a":0,"k":100,"ix":5},"r":1,"bm":0,"nm":"Fill 1","mn":"ADBE Vector Graphic - Fill","hd":false},{"ty":"tr","p":{"a":0,"k":[318.189,244.299],"ix":2},"a":{"a":0,"k":[0,0],"ix":1},"s":{"a":0,"k":[100,100],"ix":3},"r":{"a":0,"k":0,"ix":6},"o":{"a":0,"k":100,"ix":7},"sk":{"a":0,"k":0,"ix":4},"sa":{"a":0,"k":0,"ix":5},"nm":"Transform"}],"nm":"Group 4","np":2,"cix":2,"bm":0,"ix":1,"mn":"ADBE Vector Group","hd":false}],"ip":0,"op":250,"st":0,"bm":0},{"ddd":0,"ind":4,"ty":4,"nm":"coffee Outlines - Group 5","parent":6,"sr":1,"ks":{"o":{"a":0,"k":100,"ix":11},"r":{"a":0,"k":0,"ix":10},"p":{"a":0,"k":[288.232,244.299,0],"ix":2,"l":2},"a":{"a":0,"k":[288.232,244.299,0],"ix":1,"l":2},"s":{"a":0,"k":[100,100,100],"ix":6,"l":2}},"ao":0,"shapes":[{"ty":"gr","it":[{"ind":0,"ty":"sh","ix":1,"ks":{"a":0,"k":{"i":[[0,-2.761],[2.761,0],[0,2.762],[-2.762,0]],"o":[[0,2.762],[-2.762,0],[0,-2.761],[2.761,0]],"v":[[5,0],[0,5],[-5,0],[0,-5]],"c":true},"ix":2},"nm":"Path 1","mn":"ADBE Vector Shape - Group","hd":false},{"ty":"fl","c":{"a":0,"k":[0,0,0,1],"ix":4},"o":{"a":0,"k":100,"ix":5},"r":1,"bm":0,"nm":"Fill 1","mn":"ADBE Vector Graphic - Fill","hd":false},{"ty":"tr","p":{"a":0,"k":[288.232,244.299],"ix":2},"a":{"a":0,"k":[0,0],"ix":1},"s":{"a":0,"k":[100,100],"ix":3},"r":{"a":0,"k":0,"ix":6},"o":{"a":0,"k":100,"ix":7},"sk":{"a":0,"k":0,"ix":4},"sa":{"a":0,"k":0,"ix":5},"nm":"Transform"}],"nm":"Group 5","np":2,"cix":2,"bm":0,"ix":1,"mn":"ADBE Vector Group","hd":false}],"ip":0,"op":250,"st":0,"bm":0},{"ddd":0,"ind":5,"ty":4,"nm":"coffee Outlines - Group 6","parent":6,"sr":1,"ks":{"o":{"a":0,"k":100,"ix":11},"r":{"a":0,"k":0,"ix":10},"p":{"a":0,"k":[183.855,250.933,0],"ix":2,"l":2},"a":{"a":0,"k":[183.855,250.933,0],"ix":1,"l":2},"s":{"a":0,"k":[100,100,100],"ix":6,"l":2}},"ao":0,"shapes":[{"ty":"gr","it":[{"ind":0,"ty":"sh","ix":1,"ks":{"a":0,"k":{"i":[[3.816,0],[0,0],[0,12.539],[-12.539,0],[0,0],[0,5.224],[3.816,0],[0,0],[0,-22.986],[-22.987,0],[0,0],[0,5.225]],"o":[[0,0],[-12.539,0],[0,-12.538],[0,0],[3.816,0],[0,-5.224],[0,0],[-22.987,0],[0,22.987],[0,0],[3.816,0],[0,-5.224]],"v":[[23.59,22.702],[11.121,22.702],[-11.582,-0.001],[11.121,-22.703],[23.59,-22.703],[30.5,-32.162],[23.59,-41.621],[11.121,-41.621],[-30.5,-0.001],[11.121,41.621],[23.59,41.621],[30.5,32.161]],"c":true},"ix":2},"nm":"Path 1","mn":"ADBE Vector Shape - Group","hd":false},{"ty":"st","c":{"a":0,"k":[0,0,0,1],"ix":3},"o":{"a":0,"k":100,"ix":4},"w":{"a":0,"k":6,"ix":5},"lc":2,"lj":2,"bm":0,"nm":"Stroke 1","mn":"ADBE Vector Graphic - Stroke","hd":false},{"ty":"fl","c":{"a":0,"k":[0,0.84313731474,1,1],"ix":4},"o":{"a":0,"k":100,"ix":5},"r":1,"bm":0,"nm":"Fill 1","mn":"ADBE Vector Graphic - Fill","hd":false},{"ty":"tr","p":{"a":0,"k":[183.855,250.933],"ix":2},"a":{"a":0,"k":[0,0],"ix":1},"s":{"a":0,"k":[100,100],"ix":3},"r":{"a":0,"k":0,"ix":6},"o":{"a":0,"k":100,"ix":7},"sk":{"a":0,"k":0,"ix":4},"sa":{"a":0,"k":0,"ix":5},"nm":"Transform"}],"nm":"Group 6","np":3,"cix":2,"bm":0,"ix":1,"mn":"ADBE Vector Group","hd":false}],"ip":0,"op":250,"st":0,"bm":0},{"ddd":0,"ind":6,"ty":4,"nm":"BODY","sr":1,"ks":{"o":{"a":0,"k":100,"ix":11},"r":{"a":0,"k":0,"ix":10},"p":{"a":1,"k":[{"i":{"x":0.667,"y":1},"o":{"x":0.333,"y":0},"t":0,"s":[249.09,312.474,0],"to":[0,0,0],"ti":[0,0,0]},{"i":{"x":0.667,"y":1},"o":{"x":0.333,"y":0},"t":6,"s":[249.09,299.974,0],"to":[0,0,0],"ti":[0,0,0]},{"i":{"x":0.667,"y":1},"o":{"x":0.333,"y":0},"t":13,"s":[249.09,312.474,0],"to":[0,0,0],"ti":[0,0,0]},{"i":{"x":0.667,"y":1},"o":{"x":0.333,"y":0},"t":19,"s":[249.09,299.974,0],"to":[0,0,0],"ti":[0,0,0]},{"i":{"x":0.667,"y":1},"o":{"x":0.333,"y":0},"t":25,"s":[249.09,312.474,0],"to":[0,0,0],"ti":[0,0,0]},{"i":{"x":0.667,"y":1},"o":{"x":0.333,"y":0},"t":32,"s":[249.09,299.974,0],"to":[0,0,0],"ti":[0,0,0]},{"i":{"x":0.667,"y":1},"o":{"x":0.333,"y":0},"t":38,"s":[249.09,312.474,0],"to":[0,0,0],"ti":[0,0,0]},{"i":{"x":0.667,"y":1},"o":{"x":0.333,"y":0},"t":45,"s":[249.09,299.974,0],"to":[0,0,0],"ti":[0,0,0]},{"t":51,"s":[249.09,312.474,0]}],"ix":2,"l":2},"a":{"a":0,"k":[273.862,326.843,0],"ix":1,"l":2},"s":{"a":0,"k":[80,80,100],"ix":6,"l":2}},"ao":0,"shapes":[{"ty":"gr","it":[{"ind":0,"ty":"sh","ix":1,"ks":{"a":0,"k":{"i":[[40.197,0],[0,12.517],[0,0],[-40.196,0],[0,12.517],[0,0]],"o":[[-40.196,0],[0,0],[0,12.517],[40.197,0],[0,0],[0,12.517]],"v":[[0,-51.364],[-72.782,-74.027],[-72.782,51.364],[0,74.027],[72.783,51.364],[72.783,-74.027]],"c":true},"ix":2},"nm":"Path 1","mn":"ADBE Vector Shape - Group","hd":false},{"ty":"st","c":{"a":0,"k":[0,0,0,1],"ix":3},"o":{"a":0,"k":100,"ix":4},"w":{"a":0,"k":6,"ix":5},"lc":2,"lj":2,"bm":0,"nm":"Stroke 1","mn":"ADBE Vector Graphic - Stroke","hd":false},{"ty":"gf","o":{"a":0,"k":100,"ix":10},"r":1,"bm":0,"g":{"p":3,"k":{"a":0,"k":[0.237,0,1,0.988,0.545,0,0.912,0.994,1,0,0.824,1],"ix":9}},"s":{"a":0,"k":[56.25,-14.375],"ix":5},"e":{"a":0,"k":[-67.5,56.25],"ix":6},"t":2,"h":{"a":0,"k":0,"ix":7},"a":{"a":0,"k":0,"ix":8},"nm":"Gradient Fill 1","mn":"ADBE Vector Graphic - G-Fill","hd":false},{"ty":"tr","p":{"a":0,"k":[273.863,252.816],"ix":2},"a":{"a":0,"k":[0,0],"ix":1},"s":{"a":0,"k":[100,100],"ix":3},"r":{"a":0,"k":0,"ix":6},"o":{"a":0,"k":100,"ix":7},"sk":{"a":0,"k":0,"ix":4},"sa":{"a":0,"k":0,"ix":5},"nm":"Transform"}],"nm":"Group 7","np":3,"cix":2,"bm":0,"ix":1,"mn":"ADBE Vector Group","hd":false}],"ip":0,"op":250,"st":0,"bm":0},{"ddd":0,"ind":7,"ty":4,"nm":"coffee Outlines - Group 8","parent":6,"sr":1,"ks":{"o":{"a":0,"k":100,"ix":11},"r":{"a":0,"k":0,"ix":10},"p":{"a":1,"k":[{"i":{"x":0.667,"y":1},"o":{"x":0.333,"y":0},"t":1,"s":[300.884,205.012,0],"to":[0,-2.083,0],"ti":[0,0,0]},{"i":{"x":0.667,"y":1},"o":{"x":0.333,"y":0},"t":7,"s":[300.884,192.512,0],"to":[0,0,0],"ti":[0,0,0]},{"i":{"x":0.667,"y":1},"o":{"x":0.333,"y":0},"t":14,"s":[300.884,205.012,0],"to":[0,0,0],"ti":[0,0,0]},{"i":{"x":0.667,"y":1},"o":{"x":0.333,"y":0},"t":20,"s":[300.884,192.512,0],"to":[0,0,0],"ti":[0,0,0]},{"i":{"x":0.667,"y":1},"o":{"x":0.333,"y":0},"t":26,"s":[300.884,205.012,0],"to":[0,0,0],"ti":[0,0,0]},{"i":{"x":0.667,"y":1},"o":{"x":0.333,"y":0},"t":33,"s":[300.884,192.512,0],"to":[0,0,0],"ti":[0,0,0]},{"i":{"x":0.667,"y":1},"o":{"x":0.333,"y":0},"t":39,"s":[300.884,205.012,0],"to":[0,0,0],"ti":[0,0,0]},{"i":{"x":0.667,"y":1},"o":{"x":0.333,"y":0},"t":46,"s":[300.884,192.512,0],"to":[0,0,0],"ti":[0,-2.083,0]},{"t":51,"s":[300.884,205.012,0]}],"ix":2,"l":2},"a":{"a":0,"k":[300.884,192.512,0],"ix":1,"l":2},"s":{"a":0,"k":[100,100,100],"ix":6,"l":2}},"ao":0,"shapes":[{"ty":"gr","it":[{"ind":0,"ty":"sh","ix":1,"ks":{"a":1,"k":[{"i":{"x":0.833,"y":0.833},"o":{"x":0.167,"y":0.167},"t":1,"s":[{"i":[[5.596,0],[0,0],[0,-5.596],[0,0],[5.596,0],[0.439,-5.199],[0,0],[5.595,0],[0,-5.596],[0,0],[-5.596,0],[-0.439,5.199],[0,0],[-5.595,0],[0,5.596],[0,0],[-5.596,0],[0,5.595],[0,0]],"o":[[0,0],[-5.596,0],[0,0],[0,-5.596],[-5.307,0],[0,0],[0,-5.596],[-5.596,0],[0,0],[0,5.595],[5.306,0],[0,0],[0,5.596],[5.596,0],[0,0],[0,5.595],[5.596,0],[0,0],[0,-5.596]],"v":[[20.326,-50.536],[20.326,-50.536],[10.152,-40.361],[10.152,-22.497],[-0.022,-32.671],[-10.152,-23.351],[-10.152,-34.104],[-20.325,-44.277],[-30.5,-34.104],[-30.5,28.756],[-20.325,38.929],[-10.195,29.61],[-10.195,40.361],[-0.022,50.536],[10.152,40.361],[10.152,22.498],[20.326,32.671],[30.5,22.498],[30.5,-40.361]],"c":true}]},{"i":{"x":0.833,"y":0.833},"o":{"x":0.167,"y":0.167},"t":9,"s":[{"i":[[5.596,0],[0,0],[0,-5.596],[0,0],[5.596,0],[0.439,-5.199],[0,0],[5.595,0],[0,-5.596],[0,0],[-5.596,0],[-0.439,5.199],[0,0],[-5.595,0],[0,5.596],[0,0],[-5.596,0],[0,5.595],[0,0]],"o":[[0,0],[-5.596,0],[0,0],[0,-5.596],[-5.307,0],[0,0],[0,-5.596],[-5.596,0],[0,0],[0,5.595],[5.306,0],[0,0],[0,5.596],[5.596,0],[0,0],[0,5.595],[5.596,0],[0,0],[0,-5.596]],"v":[[20.326,-74.286],[20.326,-74.286],[10.152,-64.111],[10.152,-22.497],[-0.022,-32.671],[-10.152,-23.351],[-10.152,-51.604],[-20.325,-61.777],[-30.5,-51.604],[-30.5,28.756],[-20.325,38.929],[-10.195,29.61],[-10.195,40.361],[-0.022,50.536],[10.152,40.361],[10.152,22.498],[20.326,32.671],[30.5,22.498],[30.5,-64.111]],"c":true}]},{"i":{"x":0.833,"y":0.833},"o":{"x":0.167,"y":0.167},"t":17,"s":[{"i":[[5.596,0],[0,0],[0,-5.596],[0,0],[5.596,0],[0.439,-5.199],[0,0],[5.595,0],[0,-5.596],[0,0],[-5.596,0],[-0.439,5.199],[0,0],[-5.595,0],[0,5.596],[0,0],[-5.596,0],[0,5.595],[0,0]],"o":[[0,0],[-5.596,0],[0,0],[0,-5.596],[-5.307,0],[0,0],[0,-5.596],[-5.596,0],[0,0],[0,5.595],[5.306,0],[0,0],[0,5.596],[5.596,0],[0,0],[0,5.595],[5.596,0],[0,0],[0,-5.596]],"v":[[20.326,-50.536],[20.326,-50.536],[10.152,-40.361],[10.152,-22.497],[-0.022,-32.671],[-10.152,-23.351],[-10.152,-34.104],[-20.325,-44.277],[-30.5,-34.104],[-30.5,28.756],[-20.325,38.929],[-10.195,29.61],[-10.195,40.361],[-0.022,50.536],[10.152,40.361],[10.152,22.498],[20.326,32.671],[30.5,22.498],[30.5,-40.361]],"c":true}]},{"i":{"x":0.833,"y":0.833},"o":{"x":0.167,"y":0.167},"t":28,"s":[{"i":[[5.596,0],[0,0],[0,-5.596],[0,0],[5.596,0],[0.439,-5.199],[0,0],[5.595,0],[0,-5.596],[0,0],[-5.596,0],[-0.439,5.199],[0,0],[-5.595,0],[0,5.596],[0,0],[-5.596,0],[0,5.595],[0,0]],"o":[[0,0],[-5.596,0],[0,0],[0,-5.596],[-5.307,0],[0,0],[0,-5.596],[-5.596,0],[0,0],[0,5.595],[5.306,0],[0,0],[0,5.596],[5.596,0],[0,0],[0,5.595],[5.596,0],[0,0],[0,-5.596]],"v":[[20.326,-50.536],[20.326,-50.536],[10.152,-40.361],[10.152,-22.497],[-0.022,-32.671],[-10.152,-23.351],[-10.152,-34.104],[-20.325,-44.277],[-30.5,-34.104],[-30.5,28.756],[-20.325,38.929],[-10.195,29.61],[-10.195,40.361],[-0.022,50.536],[10.152,40.361],[10.152,22.498],[20.326,32.671],[30.5,22.498],[30.5,-40.361]],"c":true}]},{"i":{"x":0.833,"y":0.833},"o":{"x":0.167,"y":0.167},"t":35,"s":[{"i":[[5.596,0],[0,0],[0,-5.596],[0,0],[5.596,0],[0.439,-5.199],[0,0],[5.595,0],[0,-5.596],[0,0],[-5.596,0],[-0.439,5.199],[0,0],[-5.595,0],[0,5.596],[0,0],[-5.596,0],[0,5.595],[0,0]],"o":[[0,0],[-5.596,0],[0,0],[0,-5.596],[-5.307,0],[0,0],[0,-5.596],[-5.596,0],[0,0],[0,5.595],[5.306,0],[0,0],[0,5.596],[5.596,0],[0,0],[0,5.595],[5.596,0],[0,0],[0,-5.596]],"v":[[20.326,-74.286],[20.326,-74.286],[10.152,-64.111],[10.152,-22.497],[-0.022,-32.671],[-10.152,-23.351],[-10.152,-51.604],[-20.325,-61.777],[-30.5,-51.604],[-30.5,28.756],[-20.325,38.929],[-10.195,29.61],[-10.195,40.361],[-0.022,50.536],[10.152,40.361],[10.152,22.498],[20.326,32.671],[30.5,22.498],[30.5,-64.111]],"c":true}]},{"t":41,"s":[{"i":[[5.596,0],[0,0],[0,-5.596],[0,0],[5.596,0],[0.439,-5.199],[0,0],[5.595,0],[0,-5.596],[0,0],[-5.596,0],[-0.439,5.199],[0,0],[-5.595,0],[0,5.596],[0,0],[-5.596,0],[0,5.595],[0,0]],"o":[[0,0],[-5.596,0],[0,0],[0,-5.596],[-5.307,0],[0,0],[0,-5.596],[-5.596,0],[0,0],[0,5.595],[5.306,0],[0,0],[0,5.596],[5.596,0],[0,0],[0,5.595],[5.596,0],[0,0],[0,-5.596]],"v":[[20.326,-50.536],[20.326,-50.536],[10.152,-40.361],[10.152,-22.497],[-0.022,-32.671],[-10.152,-23.351],[-10.152,-34.104],[-20.325,-44.277],[-30.5,-34.104],[-30.5,28.756],[-20.325,38.929],[-10.195,29.61],[-10.195,40.361],[-0.022,50.536],[10.152,40.361],[10.152,22.498],[20.326,32.671],[30.5,22.498],[30.5,-40.361]],"c":true}]}],"ix":2},"nm":"Path 1","mn":"ADBE Vector Shape - Group","hd":false},{"ty":"st","c":{"a":0,"k":[0,0,0,1],"ix":3},"o":{"a":0,"k":100,"ix":4},"w":{"a":0,"k":6,"ix":5},"lc":2,"lj":2,"bm":0,"nm":"Stroke 1","mn":"ADBE Vector Graphic - Stroke","hd":false},{"ty":"fl","c":{"a":0,"k":[0.556862745098,0.351573240991,0.176885806813,1],"ix":4},"o":{"a":0,"k":100,"ix":5},"r":1,"bm":0,"nm":"Fill 1","mn":"ADBE Vector Graphic - Fill","hd":false},{"ty":"tr","p":{"a":0,"k":[300.884,192.512],"ix":2},"a":{"a":0,"k":[0,0],"ix":1},"s":{"a":0,"k":[100,100],"ix":3},"r":{"a":0,"k":0,"ix":6},"o":{"a":0,"k":100,"ix":7},"sk":{"a":0,"k":0,"ix":4},"sa":{"a":0,"k":0,"ix":5},"nm":"Transform"}],"nm":"Group 8","np":3,"cix":2,"bm":0,"ix":1,"mn":"ADBE Vector Group","hd":false}],"ip":0,"op":250,"st":0,"bm":0},{"ddd":0,"ind":8,"ty":4,"nm":"coffee Outlines - Group 9","parent":6,"sr":1,"ks":{"o":{"a":0,"k":100,"ix":11},"r":{"a":0,"k":0,"ix":10},"p":{"a":1,"k":[{"i":{"x":0.667,"y":1},"o":{"x":0.333,"y":0},"t":1,"s":[238.08,219.666,0],"to":[0,-2.083,0],"ti":[0,0,0]},{"i":{"x":0.667,"y":1},"o":{"x":0.333,"y":0},"t":7,"s":[238.08,207.166,0],"to":[0,0,0],"ti":[0,0,0]},{"i":{"x":0.667,"y":1},"o":{"x":0.333,"y":0},"t":14,"s":[238.08,219.666,0],"to":[0,0,0],"ti":[0,0,0]},{"i":{"x":0.667,"y":1},"o":{"x":0.333,"y":0},"t":20,"s":[238.08,207.166,0],"to":[0,0,0],"ti":[0,0,0]},{"i":{"x":0.667,"y":1},"o":{"x":0.333,"y":0},"t":26,"s":[238.08,219.666,0],"to":[0,0,0],"ti":[0,0,0]},{"i":{"x":0.667,"y":1},"o":{"x":0.333,"y":0},"t":33,"s":[238.08,207.166,0],"to":[0,0,0],"ti":[0,0,0]},{"i":{"x":0.667,"y":1},"o":{"x":0.333,"y":0},"t":39,"s":[238.08,219.666,0],"to":[0,0,0],"ti":[0,0,0]},{"i":{"x":0.667,"y":1},"o":{"x":0.333,"y":0},"t":46,"s":[238.08,207.166,0],"to":[0,0,0],"ti":[0,-2.083,0]},{"t":51,"s":[238.08,219.666,0]}],"ix":2,"l":2},"a":{"a":0,"k":[238.08,207.166,0],"ix":1,"l":2},"s":{"a":0,"k":[100,100,100],"ix":6,"l":2}},"ao":0,"shapes":[{"ty":"gr","it":[{"ind":0,"ty":"sh","ix":1,"ks":{"a":1,"k":[{"i":{"x":0.833,"y":0.833},"o":{"x":0.167,"y":0.167},"t":0,"s":[{"i":[[5.596,0],[0,-5.596],[0,0],[5.596,0],[0,-5.596],[0,0],[-5.595,0],[0,5.596],[0,0],[-5.596,0],[0,5.596],[0,0]],"o":[[-5.596,0],[0,0],[0,-5.596],[-5.595,0],[0,0],[0,5.596],[5.596,0],[0,0],[0,5.596],[5.596,0],[0,0],[0,-5.596]],"v":[[10.174,-35.88],[0,-25.706],[0,-37.152],[-10.174,-47.326],[-20.348,-37.152],[-20.348,25.707],[-10.174,35.881],[0,25.707],[0,37.152],[10.174,47.326],[20.348,37.152],[20.348,-25.706]],"c":true}]},{"i":{"x":0.833,"y":0.833},"o":{"x":0.167,"y":0.167},"t":9,"s":[{"i":[[5.596,0],[0,-5.596],[0,0],[5.596,0],[0,-5.596],[0,0],[-5.595,0],[0,5.596],[0,0],[-5.596,0],[0,5.596],[0,0]],"o":[[-5.596,0],[0,0],[0,-5.596],[-5.595,0],[0,0],[0,5.596],[5.596,0],[0,0],[0,5.596],[5.596,0],[0,0],[0,-5.596]],"v":[[10.174,-35.88],[0,-25.706],[0,-68.402],[-10.174,-78.576],[-20.348,-68.402],[-20.348,25.707],[-10.174,35.881],[0,25.707],[0,37.152],[10.174,47.326],[20.348,37.152],[20.348,-25.706]],"c":true}]},{"i":{"x":0.833,"y":0.833},"o":{"x":0.167,"y":0.167},"t":17,"s":[{"i":[[5.596,0],[0,-5.596],[0,0],[5.596,0],[0,-5.596],[0,0],[-5.595,0],[0,5.596],[0,0],[-5.596,0],[0,5.596],[0,0]],"o":[[-5.596,0],[0,0],[0,-5.596],[-5.595,0],[0,0],[0,5.596],[5.596,0],[0,0],[0,5.596],[5.596,0],[0,0],[0,-5.596]],"v":[[10.174,-35.88],[0,-25.706],[0,-37.152],[-10.174,-47.326],[-20.348,-37.152],[-20.348,25.707],[-10.174,35.881],[0,25.707],[0,37.152],[10.174,47.326],[20.348,37.152],[20.348,-25.706]],"c":true}]},{"i":{"x":0.833,"y":0.833},"o":{"x":0.167,"y":0.167},"t":34,"s":[{"i":[[5.596,0],[0,-5.596],[0,0],[5.596,0],[0,-5.596],[0,0],[-5.595,0],[0,5.596],[0,0],[-5.596,0],[0,5.596],[0,0]],"o":[[-5.596,0],[0,0],[0,-5.596],[-5.595,0],[0,0],[0,5.596],[5.596,0],[0,0],[0,5.596],[5.596,0],[0,0],[0,-5.596]],"v":[[10.174,-35.88],[0,-25.706],[0,-37.152],[-10.174,-47.326],[-20.348,-37.152],[-20.348,25.707],[-10.174,35.881],[0,25.707],[0,37.152],[10.174,47.326],[20.348,37.152],[20.348,-25.706]],"c":true}]},{"i":{"x":0.833,"y":0.833},"o":{"x":0.167,"y":0.167},"t":41,"s":[{"i":[[5.596,0],[0,-5.596],[0,0],[5.596,0],[0,-5.596],[0,0],[-5.595,0],[0,5.596],[0,0],[-5.596,0],[0,5.596],[0,0]],"o":[[-5.596,0],[0,0],[0,-5.596],[-5.595,0],[0,0],[0,5.596],[5.596,0],[0,0],[0,5.596],[5.596,0],[0,0],[0,-5.596]],"v":[[10.174,-35.88],[0,-25.706],[0,-68.402],[-10.174,-78.576],[-20.348,-68.402],[-20.348,25.707],[-10.174,35.881],[0,25.707],[0,37.152],[10.174,47.326],[20.348,37.152],[20.348,-25.706]],"c":true}]},{"t":48,"s":[{"i":[[5.596,0],[0,-5.596],[0,0],[5.596,0],[0,-5.596],[0,0],[-5.595,0],[0,5.596],[0,0],[-5.596,0],[0,5.596],[0,0]],"o":[[-5.596,0],[0,0],[0,-5.596],[-5.595,0],[0,0],[0,5.596],[5.596,0],[0,0],[0,5.596],[5.596,0],[0,0],[0,-5.596]],"v":[[10.174,-35.88],[0,-25.706],[0,-37.152],[-10.174,-47.326],[-20.348,-37.152],[-20.348,25.707],[-10.174,35.881],[0,25.707],[0,37.152],[10.174,47.326],[20.348,37.152],[20.348,-25.706]],"c":true}]}],"ix":2},"nm":"Path 1","mn":"ADBE Vector Shape - Group","hd":false},{"ty":"st","c":{"a":0,"k":[0,0,0,1],"ix":3},"o":{"a":0,"k":100,"ix":4},"w":{"a":0,"k":6,"ix":5},"lc":2,"lj":2,"bm":0,"nm":"Stroke 1","mn":"ADBE Vector Graphic - Stroke","hd":false},{"ty":"fl","c":{"a":0,"k":[0.556862745098,0.351573240991,0.176885806813,1],"ix":4},"o":{"a":0,"k":100,"ix":5},"r":1,"bm":0,"nm":"Fill 1","mn":"ADBE Vector Graphic - Fill","hd":false},{"ty":"tr","p":{"a":0,"k":[238.08,207.166],"ix":2},"a":{"a":0,"k":[0,0],"ix":1},"s":{"a":0,"k":[100,100],"ix":3},"r":{"a":0,"k":0,"ix":6},"o":{"a":0,"k":100,"ix":7},"sk":{"a":0,"k":0,"ix":4},"sa":{"a":0,"k":0,"ix":5},"nm":"Transform"}],"nm":"Group 9","np":3,"cix":2,"bm":0,"ix":1,"mn":"ADBE Vector Group","hd":false}],"ip":0,"op":250,"st":0,"bm":0},{"ddd":0,"ind":9,"ty":4,"nm":"coffee Outlines - Group 1","parent":6,"sr":1,"ks":{"o":{"a":0,"k":100,"ix":11},"r":{"a":0,"k":0,"ix":10},"p":{"a":1,"k":[{"i":{"x":0.667,"y":1},"o":{"x":0.333,"y":0},"t":0,"s":[227.232,182.516,0],"to":[0,-12.5,0],"ti":[0,0,0]},{"i":{"x":0.667,"y":1},"o":{"x":0.333,"y":0},"t":14,"s":[227.232,107.516,0],"to":[0,0,0],"ti":[0,-12.5,0]},{"t":28,"s":[227.232,182.516,0]}],"ix":2,"l":2},"a":{"a":0,"k":[227.232,138.766,0],"ix":1,"l":2},"s":{"a":0,"k":[100,100,100],"ix":6,"l":2}},"ao":0,"shapes":[{"ty":"gr","it":[{"ind":0,"ty":"sh","ix":1,"ks":{"a":0,"k":{"i":[[0,-5.247],[5.247,0],[0,5.247],[-5.247,0]],"o":[[0,5.247],[-5.247,0],[0,-5.247],[5.247,0]],"v":[[9.5,0],[0,9.5],[-9.5,0],[0,-9.5]],"c":true},"ix":2},"nm":"Path 1","mn":"ADBE Vector Shape - Group","hd":false},{"ty":"st","c":{"a":0,"k":[0,0,0,1],"ix":3},"o":{"a":0,"k":100,"ix":4},"w":{"a":0,"k":6,"ix":5},"lc":2,"lj":2,"bm":0,"nm":"Stroke 1","mn":"ADBE Vector Graphic - Stroke","hd":false},{"ty":"fl","c":{"a":0,"k":[0.556862745098,0.351573240991,0.176885806813,1],"ix":4},"o":{"a":0,"k":100,"ix":5},"r":1,"bm":0,"nm":"Fill 1","mn":"ADBE Vector Graphic - Fill","hd":false},{"ty":"tr","p":{"a":0,"k":[227.232,138.766],"ix":2},"a":{"a":0,"k":[0,0],"ix":1},"s":{"a":0,"k":[100,100],"ix":3},"r":{"a":0,"k":0,"ix":6},"o":{"a":0,"k":100,"ix":7},"sk":{"a":0,"k":0,"ix":4},"sa":{"a":0,"k":0,"ix":5},"nm":"Transform"}],"nm":"Group 1","np":3,"cix":2,"bm":0,"ix":1,"mn":"ADBE Vector Group","hd":false}],"ip":0,"op":250,"st":0,"bm":0},{"ddd":0,"ind":10,"ty":4,"nm":"coffee Outlines - Group 10","parent":6,"sr":1,"ks":{"o":{"a":0,"k":100,"ix":11},"r":{"a":0,"k":0,"ix":10},"p":{"a":0,"k":[273.863,178.789,0],"ix":2,"l":2},"a":{"a":0,"k":[273.863,178.789,0],"ix":1,"l":2},"s":{"a":0,"k":[100,100,100],"ix":6,"l":2}},"ao":0,"shapes":[{"ty":"gr","it":[{"ind":0,"ty":"sh","ix":1,"ks":{"a":0,"k":{"i":[[0,-12.517],[40.197,0],[0,12.517],[-40.196,0]],"o":[[0,12.517],[-40.196,0],[0,-12.517],[40.197,0]],"v":[[72.783,0],[-0.001,22.663],[-72.783,0],[-0.001,-22.663]],"c":true},"ix":2},"nm":"Path 1","mn":"ADBE Vector Shape - Group","hd":false},{"ty":"st","c":{"a":0,"k":[0,0,0,1],"ix":3},"o":{"a":0,"k":100,"ix":4},"w":{"a":0,"k":6,"ix":5},"lc":2,"lj":2,"bm":0,"nm":"Stroke 1","mn":"ADBE Vector Graphic - Stroke","hd":false},{"ty":"fl","c":{"a":0,"k":[0,0.71418690401,0.847058823529,1],"ix":4},"o":{"a":0,"k":100,"ix":5},"r":1,"bm":0,"nm":"Fill 1","mn":"ADBE Vector Graphic - Fill","hd":false},{"ty":"tr","p":{"a":0,"k":[273.863,178.789],"ix":2},"a":{"a":0,"k":[0,0],"ix":1},"s":{"a":0,"k":[100,100],"ix":3},"r":{"a":0,"k":0,"ix":6},"o":{"a":0,"k":100,"ix":7},"sk":{"a":0,"k":0,"ix":4},"sa":{"a":0,"k":0,"ix":5},"nm":"Transform"}],"nm":"Group 10","np":3,"cix":2,"bm":0,"ix":1,"mn":"ADBE Vector Group","hd":false}],"ip":0,"op":250,"st":0,"bm":0},{"ddd":0,"ind":11,"ty":4,"nm":"LLEG","sr":1,"ks":{"o":{"a":0,"k":100,"ix":11},"r":{"a":1,"k":[{"i":{"x":[0.833],"y":[0.833]},"o":{"x":[0.167],"y":[0.167]},"t":0,"s":[-30]},{"i":{"x":[0.833],"y":[0.833]},"o":{"x":[0.167],"y":[0.167]},"t":13,"s":[30]},{"i":{"x":[0.833],"y":[0.833]},"o":{"x":[0.167],"y":[0.167]},"t":25,"s":[-30]},{"i":{"x":[0.833],"y":[0.833]},"o":{"x":[0.167],"y":[0.167]},"t":38,"s":[30]},{"t":51,"s":[-30]}],"ix":10},"p":{"a":0,"k":[268.395,293.683,0],"ix":2,"l":2},"a":{"a":0,"k":[297.993,313.354,0],"ix":1,"l":2},"s":{"a":0,"k":[80,80,100],"ix":6,"l":2}},"ao":0,"shapes":[{"ty":"gr","it":[{"ind":0,"ty":"sh","ix":1,"ks":{"a":1,"k":[{"i":{"x":0.833,"y":0.833},"o":{"x":0.167,"y":0.167},"t":0,"s":[{"i":[[0,0],[-14.9,-20.06]],"o":[[0,0],[0,0]],"v":[[297.993,313.474],[297.993,370.735]],"c":false}]},{"i":{"x":0.833,"y":0.833},"o":{"x":0.167,"y":0.167},"t":13,"s":[{"i":[[0,0],[-14.9,-20.06]],"o":[[0,0],[0,0]],"v":[[297.993,313.474],[297.993,370.735]],"c":false}]},{"i":{"x":0.833,"y":0.833},"o":{"x":0.167,"y":0.167},"t":19,"s":[{"i":[[0,0],[47.944,-42.922]],"o":[[0,0],[0,0]],"v":[[297.993,313.474],[307.681,344.172]],"c":false}]},{"i":{"x":0.833,"y":0.833},"o":{"x":0.167,"y":0.167},"t":25,"s":[{"i":[[0,0],[-14.9,-20.06]],"o":[[0,0],[0,0]],"v":[[297.993,313.474],[297.993,370.735]],"c":false}]},{"i":{"x":0.833,"y":0.833},"o":{"x":0.167,"y":0.167},"t":39,"s":[{"i":[[0,0],[-14.9,-20.06]],"o":[[0,0],[0,0]],"v":[[297.993,313.474],[297.993,370.735]],"c":false}]},{"i":{"x":0.833,"y":0.833},"o":{"x":0.167,"y":0.167},"t":45,"s":[{"i":[[0,0],[47.944,-42.922]],"o":[[0,0],[0,0]],"v":[[297.993,313.474],[307.681,344.172]],"c":false}]},{"t":51,"s":[{"i":[[0,0],[-14.9,-20.06]],"o":[[0,0],[0,0]],"v":[[297.993,313.474],[297.993,370.735]],"c":false}]}],"ix":2},"nm":"Path 1","mn":"ADBE Vector Shape - Group","hd":false},{"ty":"st","c":{"a":0,"k":[0,0,0,1],"ix":3},"o":{"a":0,"k":100,"ix":4},"w":{"a":0,"k":6,"ix":5},"lc":2,"lj":1,"ml":10,"bm":0,"nm":"Stroke 1","mn":"ADBE Vector Graphic - Stroke","hd":false},{"ty":"tr","p":{"a":0,"k":[0,0],"ix":2},"a":{"a":0,"k":[0,0],"ix":1},"s":{"a":0,"k":[100,100],"ix":3},"r":{"a":0,"k":0,"ix":6},"o":{"a":0,"k":100,"ix":7},"sk":{"a":0,"k":0,"ix":4},"sa":{"a":0,"k":0,"ix":5},"nm":"Transform"}],"nm":"Group 11","np":2,"cix":2,"bm":0,"ix":1,"mn":"ADBE Vector Group","hd":false}],"ip":0,"op":250,"st":0,"bm":0},{"ddd":0,"ind":12,"ty":4,"nm":"Shape Layer 1","sr":1,"ks":{"o":{"a":0,"k":100,"ix":11},"r":{"a":0,"k":0,"ix":10},"p":{"a":0,"k":[250,339.29,0],"ix":2,"l":2},"a":{"a":0,"k":[10.5,134.5,0],"ix":1,"l":2},"s":{"a":0,"k":[84.362,113.238,100],"ix":6,"l":2}},"ao":0,"shapes":[{"ty":"gr","it":[{"d":1,"ty":"el","s":{"a":0,"k":[149,21],"ix":2},"p":{"a":0,"k":[0,0],"ix":3},"nm":"Ellipse Path 1","mn":"ADBE Vector Shape - Ellipse","hd":false},{"ty":"fl","c":{"a":0,"k":[0.960784313725,0.960784313725,0.960784313725,1],"ix":4},"o":{"a":0,"k":100,"ix":5},"r":1,"bm":0,"nm":"Fill 1","mn":"ADBE Vector Graphic - Fill","hd":false},{"ty":"tr","p":{"a":0,"k":[10.5,134.5],"ix":2},"a":{"a":0,"k":[0,0],"ix":1},"s":{"a":0,"k":[100,100],"ix":3},"r":{"a":0,"k":0,"ix":6},"o":{"a":0,"k":100,"ix":7},"sk":{"a":0,"k":0,"ix":4},"sa":{"a":0,"k":0,"ix":5},"nm":"Transform"}],"nm":"Ellipse 1","np":3,"cix":2,"bm":0,"ix":1,"mn":"ADBE Vector Group","hd":false}],"ip":0,"op":250,"st":0,"bm":0}],"markers":[]}