{"v":"5.7.3","fr":30,"ip":0,"op":60,"w":1000,"h":1000,"nm":"Main","ddd":0,"assets":[{"id":"comp_0","layers":[{"ddd":0,"ind":1,"ty":4,"nm":"3/tea Outlines","sr":1,"ks":{"o":{"a":0,"k":100,"ix":11},"r":{"a":0,"k":0,"ix":10},"p":{"a":0,"k":[50.375,34.125,0],"ix":2},"a":{"a":0,"k":[2.875,13.625,0],"ix":1},"s":{"a":1,"k":[{"i":{"x":[0.833,0.833,0.833],"y":[0.833,0.833,1]},"o":{"x":[0.167,0.167,0.167],"y":[0.167,0.167,0]},"t":24,"s":[0,0,100]},{"t":36,"s":[100,100,100]}],"ix":6}},"ao":0,"shapes":[{"ty":"gr","it":[{"ind":0,"ty":"sh","ix":1,"ks":{"a":0,"k":{"i":[[1.202,-3.276],[-1.632,-4.662],[-0.79,3.997],[1.416,3.992]],"o":[[-0.739,2.017],[0,0],[0.703,-3.555],[0,0]],"v":[[1.312,0],[0.163,6.685],[-1.723,0],[0.163,-6.685]],"c":true},"ix":2},"nm":"Path 1","mn":"ADBE Vector Shape - Group","hd":false},{"ty":"fl","c":{"a":0,"k":[0.571764658012,0.432067452225,0.273101657045,1],"ix":4},"o":{"a":0,"k":100,"ix":5},"r":1,"bm":0,"nm":"Fill 1","mn":"ADBE Vector Graphic - Fill","hd":false},{"ty":"tr","p":{"a":0,"k":[2.764,0.06],"ix":2},"a":{"a":0,"k":[0,-6.875],"ix":1},"s":{"a":1,"k":[{"i":{"x":[0.833,0.833],"y":[0.833,0.833]},"o":{"x":[0.167,0.167],"y":[0.167,0.167]},"t":36,"s":[100,100]},{"t":49.2,"s":[0,0]}],"ix":3},"r":{"a":0,"k":0,"ix":6},"o":{"a":0,"k":100,"ix":7},"sk":{"a":0,"k":0,"ix":4},"sa":{"a":0,"k":0,"ix":5},"nm":"Transform"}],"nm":"Group 1","np":2,"cix":2,"bm":0,"ix":1,"mn":"ADBE Vector Group","hd":false}],"ip":0,"op":60,"st":0,"bm":0},{"ddd":0,"ind":2,"ty":4,"nm":"2/tea Outlines","sr":1,"ks":{"o":{"a":0,"k":100,"ix":11},"r":{"a":0,"k":0,"ix":10},"p":{"a":0,"k":[59,57.125,0],"ix":2},"a":{"a":0,"k":[8.5,42.625,0],"ix":1},"s":{"a":1,"k":[{"i":{"x":[0.833,0.833,0.833],"y":[0.833,0.833,1]},"o":{"x":[0.167,0.167,0.167],"y":[0.167,0.167,0]},"t":0,"s":[0,0,100]},{"t":30,"s":[100,100,100]}],"ix":6}},"ao":0,"shapes":[{"ty":"gr","it":[{"ind":0,"ty":"sh","ix":1,"ks":{"a":0,"k":{"i":[[3.8,-10.357],[-5.157,-14.735],[-2.497,12.633],[4.477,12.615]],"o":[[-2.338,6.372],[0,0],[2.221,-11.238],[0,0]],"v":[[4.146,0],[0.51,21.129],[-5.449,0],[0.51,-21.129]],"c":true},"ix":2},"nm":"Path 1","mn":"ADBE Vector Shape - Group","hd":false},{"ty":"fl","c":{"a":0,"k":[0.571764658012,0.432067452225,0.273101657045,1],"ix":4},"o":{"a":0,"k":100,"ix":5},"r":1,"bm":0,"nm":"Fill 1","mn":"ADBE Vector Graphic - Fill","hd":false},{"ty":"tr","p":{"a":0,"k":[8.32,0.254],"ix":2},"a":{"a":0,"k":[0.125,-21.125],"ix":1},"s":{"a":1,"k":[{"i":{"x":[0.833,0.833],"y":[0.833,0.833]},"o":{"x":[0.167,0.167],"y":[0.167,0.167]},"t":30,"s":[100,100]},{"t":56.4,"s":[0,0]}],"ix":3},"r":{"a":0,"k":0,"ix":6},"o":{"a":0,"k":100,"ix":7},"sk":{"a":0,"k":0,"ix":4},"sa":{"a":0,"k":0,"ix":5},"nm":"Transform"}],"nm":"Group 1","np":2,"cix":2,"bm":0,"ix":1,"mn":"ADBE Vector Group","hd":false}],"ip":0,"op":60,"st":0,"bm":0},{"ddd":0,"ind":3,"ty":4,"nm":"1/tea Outlines","sr":1,"ks":{"o":{"a":0,"k":100,"ix":11},"r":{"a":0,"k":0,"ix":10},"p":{"a":0,"k":[66.75,56.75,0],"ix":2},"a":{"a":0,"k":[2.75,20.25,0],"ix":1},"s":{"a":1,"k":[{"i":{"x":[0.833,0.833,0.833],"y":[0.833,0.833,1]},"o":{"x":[0.167,0.167,0.167],"y":[0.167,0.167,0]},"t":0,"s":[0,0,100]},{"t":36,"s":[100,100,100]}],"ix":6}},"ao":0,"shapes":[{"ty":"gr","it":[{"ind":0,"ty":"sh","ix":1,"ks":{"a":0,"k":{"i":[[1.202,-4.872],[-1.631,-6.931],[-0.79,5.942],[1.416,5.934]],"o":[[-0.74,2.998],[0,0],[0.702,-5.286],[0,0]],"v":[[1.312,-0.001],[0.161,9.938],[-1.723,-0.001],[0.161,-9.938]],"c":true},"ix":2},"nm":"Path 1","mn":"ADBE Vector Shape - Group","hd":false},{"ty":"fl","c":{"a":0,"k":[0.571764658012,0.432067452225,0.273101657045,1],"ix":4},"o":{"a":0,"k":100,"ix":5},"r":1,"bm":0,"nm":"Fill 1","mn":"ADBE Vector Graphic - Fill","hd":false},{"ty":"tr","p":{"a":0,"k":[2.639,0.063],"ix":2},"a":{"a":0,"k":[-0.125,-10.125],"ix":1},"s":{"a":1,"k":[{"i":{"x":[0.833,0.833],"y":[0.833,0.833]},"o":{"x":[0.167,0.167],"y":[0.167,0.167]},"t":36,"s":[100,100]},{"t":58.8,"s":[0,0]}],"ix":3},"r":{"a":0,"k":0,"ix":6},"o":{"a":0,"k":100,"ix":7},"sk":{"a":0,"k":0,"ix":4},"sa":{"a":0,"k":0,"ix":5},"nm":"Transform"}],"nm":"Group 1","np":2,"cix":2,"bm":0,"ix":1,"mn":"ADBE Vector Group","hd":false}],"ip":0,"op":60,"st":0,"bm":0},{"ddd":0,"ind":4,"ty":4,"nm":"Cup Outlines","sr":1,"ks":{"o":{"a":0,"k":100,"ix":11},"r":{"a":0,"k":0,"ix":10},"p":{"a":0,"k":[60.75,60.5,0],"ix":2},"a":{"a":0,"k":[846,846,0],"ix":1},"s":{"a":0,"k":[8,8,100],"ix":6}},"ao":0,"shapes":[{"ty":"gr","it":[{"ind":0,"ty":"sh","ix":1,"ks":{"a":0,"k":{"i":[[6.067,40.258],[0.548,-2.82],[3.727,-36.089],[7.743,-35.771],[12.539,-33.308],[8.171,-16.49],[4.949,-8.182],[4.711,0.345],[-2.066,-4.547],[-5.043,9.434],[-8.322,18.712],[-9.717,39.836],[-4.437,40.411]],"o":[[-0.443,-2.94],[-6.927,35.638],[-3.758,36.389],[-7.527,34.774],[-6.482,17.219],[-4.247,8.569],[-2.79,4.613],[-6.003,-0.44],[8.358,18.391],[9.654,-18.061],[16.67,-37.478],[9.636,-39.51],[4.426,-40.317]],"v":[[58.005,-220.53],[52.184,-220.53],[41.337,-112.235],[24.657,-3.891],[-5.159,98.502],[-27.023,149.193],[-41.019,174.219],[-55.751,194.179],[-62.006,205.079],[-31.479,194.081],[-4.629,138.679],[34.687,22.351],[55.299,-97.791]],"c":true},"ix":2},"nm":"Path 1","mn":"ADBE Vector Shape - Group","hd":false},{"ty":"fl","c":{"a":0,"k":[0.989724312577,1,0.925030338063,1],"ix":4},"o":{"a":0,"k":100,"ix":5},"r":1,"bm":0,"nm":"Fill 1","mn":"ADBE Vector Graphic - Fill","hd":false},{"ty":"tr","p":{"a":0,"k":[1076.383,1086.784],"ix":2},"a":{"a":0,"k":[0,0],"ix":1},"s":{"a":0,"k":[100,100],"ix":3},"r":{"a":0,"k":0,"ix":6},"o":{"a":0,"k":100,"ix":7},"sk":{"a":0,"k":0,"ix":4},"sa":{"a":0,"k":0,"ix":5},"nm":"Transform"}],"nm":"Group 1","np":2,"cix":2,"bm":0,"ix":1,"mn":"ADBE Vector Group","hd":false},{"ty":"gr","it":[{"ind":0,"ty":"sh","ix":1,"ks":{"a":0,"k":{"i":[[2.925,0.254],[0.153,0.014],[-2.978,0.259],[-0.153,0.014]],"o":[[-0.153,-0.013],[-2.974,-0.258],[0.153,-0.013],[2.919,-0.253]],"v":[[0.257,-2.272],[-0.204,-2.312],[-0.204,2.312],[0.257,2.272]],"c":true},"ix":2},"nm":"Path 1","mn":"ADBE Vector Shape - Group","hd":false},{"ty":"fl","c":{"a":0,"k":[0.421138927983,0.237197980694,0.064193112242,1],"ix":4},"o":{"a":0,"k":100,"ix":5},"r":1,"bm":0,"nm":"Fill 1","mn":"ADBE Vector Graphic - Fill","hd":false},{"ty":"tr","p":{"a":0,"k":[978.427,1366.747],"ix":2},"a":{"a":0,"k":[0,0],"ix":1},"s":{"a":0,"k":[100,100],"ix":3},"r":{"a":0,"k":0,"ix":6},"o":{"a":0,"k":100,"ix":7},"sk":{"a":0,"k":0,"ix":4},"sa":{"a":0,"k":0,"ix":5},"nm":"Transform"}],"nm":"Group 2","np":2,"cix":2,"bm":0,"ix":2,"mn":"ADBE Vector Group","hd":false},{"ty":"gr","it":[{"ind":0,"ty":"sh","ix":1,"ks":{"a":0,"k":{"i":[[0.399,0.783],[3.184,11.291],[-4.06,10.97],[1.034,-1.282],[-22.496,-8.301]],"o":[[-4.904,-9.634],[-3.321,-11.768],[0.562,-1.518],[-14.351,17.815],[0.969,0.358]],"v":[[15.236,29.863],[-2.326,3.854],[1.498,-28.939],[-1.284,-30.557],[13.992,31.481]],"c":true},"ix":2},"nm":"Path 1","mn":"ADBE Vector Shape - Group","hd":false},{"ty":"fl","c":{"a":0,"k":[0.421138927983,0.237197980694,0.064193112242,1],"ix":4},"o":{"a":0,"k":100,"ix":5},"r":1,"bm":0,"nm":"Fill 1","mn":"ADBE Vector Graphic - Fill","hd":false},{"ty":"tr","p":{"a":0,"k":[986.566,1353.96],"ix":2},"a":{"a":0,"k":[0,0],"ix":1},"s":{"a":0,"k":[100,100],"ix":3},"r":{"a":0,"k":0,"ix":6},"o":{"a":0,"k":100,"ix":7},"sk":{"a":0,"k":0,"ix":4},"sa":{"a":0,"k":0,"ix":5},"nm":"Transform"}],"nm":"Group 3","np":2,"cix":2,"bm":0,"ix":3,"mn":"ADBE Vector Group","hd":false},{"ty":"gr","it":[{"ind":0,"ty":"sh","ix":1,"ks":{"a":0,"k":{"i":[[1.482,1.093],[11.55,5.863],[10.265,10.097],[-4.379,31.695],[0.517,-1.189],[-16.869,-21.074],[-13.625,-7.946],[-15.175,0.373]],"o":[[-10.457,-7.702],[-12.801,-6.499],[-23.396,-23.015],[0.142,-1.033],[-11.397,26.218],[9.887,12.35],[12.824,7.479],[2.031,-0.05]],"v":[[54.571,60.74],[18.517,44.156],[-16.743,19.585],[-42.76,-62.709],[-44.656,-63.509],[-27.347,17.428],[8.719,47.766],[53.6,64.324]],"c":true},"ix":2},"nm":"Path 1","mn":"ADBE Vector Shape - Group","hd":false},{"ty":"fl","c":{"a":0,"k":[0.421138927983,0.237197980694,0.064193112242,1],"ix":4},"o":{"a":0,"k":100,"ix":5},"r":1,"bm":0,"nm":"Fill 1","mn":"ADBE Vector Graphic - Fill","hd":false},{"ty":"tr","p":{"a":0,"k":[1002.011,1408.363],"ix":2},"a":{"a":0,"k":[0,0],"ix":1},"s":{"a":0,"k":[100,100],"ix":3},"r":{"a":0,"k":0,"ix":6},"o":{"a":0,"k":100,"ix":7},"sk":{"a":0,"k":0,"ix":4},"sa":{"a":0,"k":0,"ix":5},"nm":"Transform"}],"nm":"Group 4","np":2,"cix":2,"bm":0,"ix":4,"mn":"ADBE Vector Group","hd":false},{"ty":"gr","it":[{"ind":0,"ty":"sh","ix":1,"ks":{"a":0,"k":{"i":[[2.527,-0.535],[0.145,-0.031],[-3.732,-0.791],[-0.145,-0.032],[0,2.702]],"o":[[-0.145,0.031],[-3.729,0.79],[0.145,0.031],[2.526,0.535],[0,-2.687]],"v":[[-0.452,-3.864],[-0.887,-3.771],[-0.887,3.771],[-0.452,3.864],[4.62,0]],"c":true},"ix":2},"nm":"Path 1","mn":"ADBE Vector Shape - Group","hd":false},{"ty":"fl","c":{"a":0,"k":[0.658038150563,0.377123395134,0.129524365593,1],"ix":4},"o":{"a":0,"k":100,"ix":5},"r":1,"bm":0,"nm":"Fill 1","mn":"ADBE Vector Graphic - Fill","hd":false},{"ty":"tr","p":{"a":0,"k":[1119.5,1462.094],"ix":2},"a":{"a":0,"k":[0,0],"ix":1},"s":{"a":0,"k":[100,100],"ix":3},"r":{"a":0,"k":0,"ix":6},"o":{"a":0,"k":100,"ix":7},"sk":{"a":0,"k":0,"ix":4},"sa":{"a":0,"k":0,"ix":5},"nm":"Transform"}],"nm":"Group 5","np":2,"cix":2,"bm":0,"ix":5,"mn":"ADBE Vector Group","hd":false},{"ty":"gr","it":[{"ind":0,"ty":"sh","ix":1,"ks":{"a":0,"k":{"i":[[3.577,0.33],[13.826,3.015],[11.534,4.612],[-1.289,-1.029],[-24.463,7.338]],"o":[[-13.794,-1.27],[-12.195,-2.66],[-1.533,-0.613],[19.448,15.519],[3.675,-1.101]],"v":[[37.055,0.882],[-3.708,-1.84],[-38.668,-14.016],[-40.307,-11.199],[37.921,7.291]],"c":true},"ix":2},"nm":"Path 1","mn":"ADBE Vector Shape - Group","hd":false},{"ty":"fl","c":{"a":0,"k":[0.658038150563,0.377123395134,0.129524365593,1],"ix":4},"o":{"a":0,"k":100,"ix":5},"r":1,"bm":0,"nm":"Fill 1","mn":"ADBE Vector Graphic - Fill","hd":false},{"ty":"tr","p":{"a":0,"k":[1068.798,1460.034],"ix":2},"a":{"a":0,"k":[0,0],"ix":1},"s":{"a":0,"k":[100,100],"ix":3},"r":{"a":0,"k":0,"ix":6},"o":{"a":0,"k":100,"ix":7},"sk":{"a":0,"k":0,"ix":4},"sa":{"a":0,"k":0,"ix":5},"nm":"Transform"}],"nm":"Group 6","np":2,"cix":2,"bm":0,"ix":6,"mn":"ADBE Vector Group","hd":false},{"ty":"gr","it":[{"ind":0,"ty":"sh","ix":1,"ks":{"a":0,"k":{"i":[[3.563,4.525],[8.234,4.814],[9.27,7.75],[16.636,10.741],[19.703,1.547],[-1.943,-0.618],[-14.299,-9.329],[-13.202,-9.256],[-14.407,-8.214],[-5.749,-8.572],[-1.668,-1.574],[-0.357,-0.429],[-0.855,-0.816],[-0.292,-0.279],[-1.133,0.395]],"o":[[-6.059,-7.697],[-10.624,-6.211],[-15.291,-12.783],[-15.667,-10.115],[-2.19,-0.172],[16.606,5.289],[13.477,8.793],[13.564,9.509],[8.558,4.88],[1.281,1.91],[1.429,1.348],[-0.53,1.07],[0.292,0.278],[0.829,0.789],[10.717,-3.734]],"v":[[66.269,38.175],[43.353,22.144],[17.088,-1.416],[-33.71,-32.162],[-81.047,-59.77],[-81.547,-56.078],[-38.55,-28.031],[2.832,-3.273],[39.395,28.916],[61.891,45.762],[65.651,51.914],[68.168,54.485],[68.625,57.848],[69.501,58.683],[72.773,59.547]],"c":true},"ix":2},"nm":"Path 1","mn":"ADBE Vector Shape - Group","hd":false},{"ty":"fl","c":{"a":0,"k":[0.421138927983,0.237197980694,0.064193112242,1],"ix":4},"o":{"a":0,"k":100,"ix":5},"r":1,"bm":0,"nm":"Fill 1","mn":"ADBE Vector Graphic - Fill","hd":false},{"ty":"tr","p":{"a":0,"k":[1073.996,1386.399],"ix":2},"a":{"a":0,"k":[0,0],"ix":1},"s":{"a":0,"k":[100,100],"ix":3},"r":{"a":0,"k":0,"ix":6},"o":{"a":0,"k":100,"ix":7},"sk":{"a":0,"k":0,"ix":4},"sa":{"a":0,"k":0,"ix":5},"nm":"Transform"}],"nm":"Group 7","np":2,"cix":2,"bm":0,"ix":7,"mn":"ADBE Vector Group","hd":false},{"ty":"gr","it":[{"ind":0,"ty":"sh","ix":1,"ks":{"a":0,"k":{"i":[[2.033,1.179],[2.17,-0.086],[0.918,-0.212],[0.978,-0.398],[-1.654,0.009],[-1.542,-0.254],[-1.863,-0.201]],"o":[[-1.879,-1.09],[-0.94,0.038],[-1.121,0.258],[-1.333,0.543],[1.53,-0.008],[1.847,0.305],[2.591,0.28]],"v":[[5.703,-1.736],[-0.764,-3.174],[-3.644,-2.792],[-6.402,-1.495],[-6.04,1.179],[-1.081,1.964],[4.426,2.98]],"c":true},"ix":2},"nm":"Path 1","mn":"ADBE Vector Shape - Group","hd":false},{"ty":"fl","c":{"a":0,"k":[0.421138927983,0.237197980694,0.064193112242,1],"ix":4},"o":{"a":0,"k":100,"ix":5},"r":1,"bm":0,"nm":"Fill 1","mn":"ADBE Vector Graphic - Fill","hd":false},{"ty":"tr","p":{"a":0,"k":[1098.525,1450.88],"ix":2},"a":{"a":0,"k":[0,0],"ix":1},"s":{"a":0,"k":[100,100],"ix":3},"r":{"a":0,"k":0,"ix":6},"o":{"a":0,"k":100,"ix":7},"sk":{"a":0,"k":0,"ix":4},"sa":{"a":0,"k":0,"ix":5},"nm":"Transform"}],"nm":"Group 8","np":2,"cix":2,"bm":0,"ix":8,"mn":"ADBE Vector Group","hd":false},{"ty":"gr","it":[{"ind":0,"ty":"sh","ix":1,"ks":{"a":0,"k":{"i":[[1.181,2.232],[3.157,2.857],[0.889,0.912],[3.61,2.01],[0.903,0.737],[3.196,2.231],[2.618,1.125],[2.715,1.844],[0.218,0.386],[4.857,3.226],[1.837,0.537],[4.984,4.424],[8.16,5.086],[7.551,5.016],[7.466,3.688],[8.089,2.361],[1.867,0.678],[0,0],[0.78,-1.197],[-4.324,-6.374],[-4.157,-1.657],[-8.331,-4.711],[-3.195,-3.661],[-11.947,-12.684],[-5.594,-2.023],[-7.867,-7.291],[-5.96,-2.001],[-3.359,-13.106],[-1.914,3.471],[-0.155,2.199]],"o":[[-1.951,-3.687],[-0.802,-0.96],[-2.189,-3.107],[-0.891,-0.75],[-2.323,-2.815],[-2.264,-1.579],[-2.67,-1.909],[-0.249,-0.344],[-2.251,-3.989],[-1.509,-1.002],[-6.159,-1.803],[-7.114,-6.316],[-8.081,-5.036],[-6.813,-4.527],[-7.304,-3.607],[0.009,-1.567],[0,0],[-1.804,-0.656],[-5.473,1.023],[2.695,3.972],[8.885,3.54],[3.339,2.991],[11.663,13.363],[3.977,4.223],[10.462,3.784],[4.593,4.257],[14.258,4.787],[0.976,3.804],[1.306,-2.368],[1.948,-0.341]],"v":[[88.223,50.51],[80.235,40.925],[77.694,38.115],[69.078,30.352],[66.391,28.115],[59.449,20.792],[51.874,17.065],[43.802,11.425],[43.057,10.391],[38.127,1.043],[31.865,-1.304],[16.85,-9.01],[-4.432,-26.854],[-30.422,-36.097],[-44.798,-50.837],[-68.357,-59.426],[-71.011,-63.266],[-75.339,-64.839],[-79.318,-63.604],[-85.079,-52.786],[-71.096,-46.393],[-45.357,-33.734],[-35.573,-23.818],[5.782,3.779],[17.824,11.902],[40.651,27.213],[55.745,36.574],[75.371,60.92],[83.818,62.024],[85.913,55.178]],"c":true},"ix":2},"nm":"Path 1","mn":"ADBE Vector Shape - Group","hd":false},{"ty":"fl","c":{"a":0,"k":[0.511328065162,0.285881999895,0.077128623514,1],"ix":4},"o":{"a":0,"k":100,"ix":5},"r":1,"bm":0,"nm":"Fill 1","mn":"ADBE Vector Graphic - Fill","hd":false},{"ty":"tr","p":{"a":0,"k":[1060.53,1387.617],"ix":2},"a":{"a":0,"k":[0,0],"ix":1},"s":{"a":0,"k":[100,100],"ix":3},"r":{"a":0,"k":0,"ix":6},"o":{"a":0,"k":100,"ix":7},"sk":{"a":0,"k":0,"ix":4},"sa":{"a":0,"k":0,"ix":5},"nm":"Transform"}],"nm":"Group 9","np":2,"cix":2,"bm":0,"ix":9,"mn":"ADBE Vector Group","hd":false},{"ty":"gr","it":[{"ind":0,"ty":"sh","ix":1,"ks":{"a":0,"k":{"i":[[-20.534,-13.535],[-32.214,3.171],[13.844,22.731],[21.742,9.492],[18.733,-25.006]],"o":[[25.655,16.91],[33.502,-3.297],[-12.341,-20.262],[-20.789,-9.076],[-21.912,29.25]],"v":[[-23.598,40.359],[64.256,73.049],[82.079,2.751],[26.833,-40.31],[-75.846,-51.214]],"c":true},"ix":2},"nm":"Path 1","mn":"ADBE Vector Shape - Group","hd":false},{"ty":"fl","c":{"a":0,"k":[0.658038150563,0.377123395134,0.129524365593,1],"ix":4},"o":{"a":0,"k":100,"ix":5},"r":1,"bm":0,"nm":"Fill 1","mn":"ADBE Vector Graphic - Fill","hd":false},{"ty":"tr","p":{"a":0,"k":[1059.453,1376.923],"ix":2},"a":{"a":0,"k":[0,0],"ix":1},"s":{"a":0,"k":[100,100],"ix":3},"r":{"a":0,"k":0,"ix":6},"o":{"a":0,"k":100,"ix":7},"sk":{"a":0,"k":0,"ix":4},"sa":{"a":0,"k":0,"ix":5},"nm":"Transform"}],"nm":"Group 10","np":2,"cix":2,"bm":0,"ix":10,"mn":"ADBE Vector Group","hd":false},{"ty":"gr","it":[{"ind":0,"ty":"sh","ix":1,"ks":{"a":0,"k":{"i":[[35.824,14.181],[22.106,-25.233],[-22.777,-25.196],[-33.143,-7.404],[-1.288,44.97]],"o":[[-31.191,-12.346],[-22.383,25.548],[22.774,25.193],[31.239,6.979],[1.238,-43.279]],"v":[[7.765,-71.715],[-85.762,-59.412],[-78.299,33.395],[11.622,77.666],[106.907,35.659]],"c":true},"ix":2},"nm":"Path 1","mn":"ADBE Vector Shape - Group","hd":false},{"ty":"fl","c":{"a":0,"k":[0.511328065162,0.285881999895,0.077128623514,1],"ix":4},"o":{"a":0,"k":100,"ix":5},"r":1,"bm":0,"nm":"Fill 1","mn":"ADBE Vector Graphic - Fill","hd":false},{"ty":"tr","p":{"a":0,"k":[1051.152,1392.423],"ix":2},"a":{"a":0,"k":[0,0],"ix":1},"s":{"a":0,"k":[100,100],"ix":3},"r":{"a":0,"k":0,"ix":6},"o":{"a":0,"k":100,"ix":7},"sk":{"a":0,"k":0,"ix":4},"sa":{"a":0,"k":0,"ix":5},"nm":"Transform"}],"nm":"Group 11","np":2,"cix":2,"bm":0,"ix":11,"mn":"ADBE Vector Group","hd":false},{"ty":"gr","it":[{"ind":0,"ty":"sh","ix":1,"ks":{"a":0,"k":{"i":[[1.76,0.347],[12.609,0.368],[13.234,4.631],[9.304,29.734],[-0.038,-1.262],[-23.608,-11.555],[-15.3,-1.341],[-13.211,6.63]],"o":[[-12.407,-2.441],[-13.972,-0.407],[-30.164,-10.553],[-0.304,-0.969],[0.849,27.825],[13.837,6.773],[14.399,1.262],[1.767,-0.888]],"v":[[68.314,29.65],[29.672,30.014],[-11.586,23.016],[-68.675,-38.661],[-70.677,-38.578],[-21.822,25.52],[22.543,37.264],[68.948,33.21]],"c":true},"ix":2},"nm":"Path 1","mn":"ADBE Vector Shape - Group","hd":false},{"ty":"fl","c":{"a":0,"k":[0.421138927983,0.237197980694,0.064193112242,1],"ix":4},"o":{"a":0,"k":100,"ix":5},"r":1,"bm":0,"nm":"Fill 1","mn":"ADBE Vector Graphic - Fill","hd":false},{"ty":"tr","p":{"a":0,"k":[1133.276,1368.642],"ix":2},"a":{"a":0,"k":[0,0],"ix":1},"s":{"a":0,"k":[100,100],"ix":3},"r":{"a":0,"k":0,"ix":6},"o":{"a":0,"k":100,"ix":7},"sk":{"a":0,"k":0,"ix":4},"sa":{"a":0,"k":0,"ix":5},"nm":"Transform"}],"nm":"Group 12","np":2,"cix":2,"bm":0,"ix":12,"mn":"ADBE Vector Group","hd":false},{"ty":"gr","it":[{"ind":0,"ty":"sh","ix":1,"ks":{"a":0,"k":{"i":[[2.004,-1.521],[0.116,-0.087],[-3.615,0.853],[0,0],[1.122,2.381]],"o":[[-0.114,0.087],[-2.956,2.245],[0,0],[2.447,-0.577],[-1.116,-2.366]],"v":[[-1.947,-3.119],[-2.292,-2.857],[0.84,3.786],[1.262,3.688],[4.125,-1.823]],"c":true},"ix":2},"nm":"Path 1","mn":"ADBE Vector Shape - Group","hd":false},{"ty":"fl","c":{"a":0,"k":[0.658038150563,0.377123395134,0.129524365593,1],"ix":4},"o":{"a":0,"k":100,"ix":5},"r":1,"bm":0,"nm":"Fill 1","mn":"ADBE Vector Graphic - Fill","hd":false},{"ty":"tr","p":{"a":0,"k":[1254.038,1365.893],"ix":2},"a":{"a":0,"k":[0,0],"ix":1},"s":{"a":0,"k":[100,100],"ix":3},"r":{"a":0,"k":0,"ix":6},"o":{"a":0,"k":100,"ix":7},"sk":{"a":0,"k":0,"ix":4},"sa":{"a":0,"k":0,"ix":5},"nm":"Transform"}],"nm":"Group 13","np":2,"cix":2,"bm":0,"ix":13,"mn":"ADBE Vector Group","hd":false},{"ty":"gr","it":[{"ind":0,"ty":"sh","ix":1,"ks":{"a":0,"k":{"i":[[3.288,-1.195],[13.429,-3.086],[12.072,-0.728],[-1.563,-0.371],[-18.5,16.621]],"o":[[-12.676,4.609],[-11.846,2.722],[-1.605,0.097],[23.575,5.592],[2.778,-2.497]],"v":[[34.257,-12.941],[-2.776,1.588],[-38.622,5.382],[-38.897,8.544],[37.682,-7.656]],"c":true},"ix":2},"nm":"Path 1","mn":"ADBE Vector Shape - Group","hd":false},{"ty":"fl","c":{"a":0,"k":[0.658038150563,0.377123395134,0.129524365593,1],"ix":4},"o":{"a":0,"k":100,"ix":5},"r":1,"bm":0,"nm":"Fill 1","mn":"ADBE Vector Graphic - Fill","hd":false},{"ty":"tr","p":{"a":0,"k":[1207.329,1383.561],"ix":2},"a":{"a":0,"k":[0,0],"ix":1},"s":{"a":0,"k":[100,100],"ix":3},"r":{"a":0,"k":0,"ix":6},"o":{"a":0,"k":100,"ix":7},"sk":{"a":0,"k":0,"ix":4},"sa":{"a":0,"k":0,"ix":5},"nm":"Transform"}],"nm":"Group 14","np":2,"cix":2,"bm":0,"ix":14,"mn":"ADBE Vector Group","hd":false},{"ty":"gr","it":[{"ind":0,"ty":"sh","ix":1,"ks":{"a":0,"k":{"i":[[5.018,2.507],[9.252,0.822],[11.382,2.976],[19.113,2.551],[17.996,-6.819],[-1.968,0.262],[-16.468,-2.279],[-15.472,-2.67],[-16.1,-1.252],[-8.622,-5.162],[-2.123,-0.693],[-0.493,-0.228],[-1.093,-0.363],[-0.373,-0.124],[-0.833,0.818]],"o":[[-8.532,-4.264],[-11.936,-1.058],[-18.776,-4.909],[-18,-2.403],[-2,0.758],[16.821,-2.237],[15.521,2.147],[15.895,2.742],[9.564,0.744],[1.922,1.15],[1.817,0.594],[-0.023,1.163],[0.373,0.124],[1.059,0.35],[7.889,-7.739]],"v":[[74.965,7.419],[48.125,2.815],[15.209,-7.026],[-42.3,-13.011],[-95.458,-17.671],[-94.364,-14.21],[-44.847,-7.364],[1.882,-2.743],[47.451,10.426],[74.26,15.919],[80.128,19.776],[83.413,20.995],[85.211,23.767],[86.329,24.139],[89.569,23.542]],"c":true},"ix":2},"nm":"Path 1","mn":"ADBE Vector Shape - Group","hd":false},{"ty":"fl","c":{"a":0,"k":[0.421138927983,0.237197980694,0.064193112242,1],"ix":4},"o":{"a":0,"k":100,"ix":5},"r":1,"bm":0,"nm":"Fill 1","mn":"ADBE Vector Graphic - Fill","hd":false},{"ty":"tr","p":{"a":0,"k":[1181.836,1316.902],"ix":2},"a":{"a":0,"k":[0,0],"ix":1},"s":{"a":0,"k":[100,100],"ix":3},"r":{"a":0,"k":0,"ix":6},"o":{"a":0,"k":100,"ix":7},"sk":{"a":0,"k":0,"ix":4},"sa":{"a":0,"k":0,"ix":5},"nm":"Transform"}],"nm":"Group 15","np":2,"cix":2,"bm":0,"ix":15,"mn":"ADBE Vector Group","hd":false},{"ty":"gr","it":[{"ind":0,"ty":"sh","ix":1,"ks":{"a":0,"k":{"i":[[2.28,0.194],[1.875,-0.978],[0.722,-0.567],[0.697,-0.757],[-1.454,0.696],[-1.464,0.416],[-1.724,0.596]],"o":[[-2.107,-0.18],[-0.813,0.424],[-0.88,0.694],[-0.949,1.032],[1.345,-0.642],[1.752,-0.499],[2.399,-0.83]],"v":[[4.14,-3.981],[-2.153,-2.562],[-4.531,-1.028],[-6.422,1.26],[-4.992,3.464],[-0.298,2.097],[4.973,0.704]],"c":true},"ix":2},"nm":"Path 1","mn":"ADBE Vector Shape - Group","hd":false},{"ty":"fl","c":{"a":0,"k":[0.421138927983,0.237197980694,0.064193112242,1],"ix":4},"o":{"a":0,"k":100,"ix":5},"r":1,"bm":0,"nm":"Fill 1","mn":"ADBE Vector Graphic - Fill","hd":false},{"ty":"tr","p":{"a":0,"k":[1231.126,1364.906],"ix":2},"a":{"a":0,"k":[0,0],"ix":1},"s":{"a":0,"k":[100,100],"ix":3},"r":{"a":0,"k":0,"ix":6},"o":{"a":0,"k":100,"ix":7},"sk":{"a":0,"k":0,"ix":4},"sa":{"a":0,"k":0,"ix":5},"nm":"Transform"}],"nm":"Group 16","np":2,"cix":2,"bm":0,"ix":16,"mn":"ADBE Vector Group","hd":false},{"ty":"gr","it":[{"ind":0,"ty":"sh","ix":1,"ks":{"a":0,"k":{"i":[[1.967,1.476],[3.967,1.205],[1.162,0.435],[4.012,0.272],[1.102,0.273],[3.742,0.637],[2.772,-0.097],[3.158,0.498],[0.351,0.249],[5.617,0.826],[1.841,-0.289],[6.227,1.828],[9.298,1.09],[8.733,1.282],[8.107,0.147],[8.105,-1.281],[1.927,-0.178],[0,0],[0.19,-1.379],[-6.455,-3.819],[-4.348,0.268],[-9.295,-0.689],[-4.334,-1.897],[-15.789,-6.21],[-5.767,0.542],[-9.957,-3.154],[-6.081,0.713],[-8.401,-10.149],[-0.244,3.852],[0.776,2.001]],"o":[[-3.249,-2.438],[-1.105,-0.514],[-3.218,-1.826],[-1.097,-0.29],[-3.215,-1.516],[-2.649,-0.451],[-3.144,-0.575],[-0.362,-0.199],[-3.64,-2.578],[-1.745,-0.256],[-6.173,0.969],[-8.888,-2.608],[-9.209,-1.08],[-7.881,-1.157],[-7.931,-0.144],[-0.642,-1.385],[0,0],[-1.861,0.172],[-4.395,3.174],[4.022,2.379],[9.296,-0.573],[4.183,1.248],[15.822,6.926],[5.257,2.068],[10.786,-1.011],[5.814,1.842],[14.546,-1.706],[2.438,2.945],[0.167,-2.628],[1.573,-1.108]],"v":[[100.01,8.406],[88.995,3.281],[85.59,1.859],[74.778,-1.398],[71.482,-2.251],[62.327,-5.819],[54.107,-5.955],[44.656,-7.573],[43.571,-8.173],[35.347,-14.359],[28.857,-13.826],[12.432,-14.378],[-13.722,-21.255],[-40.451,-18.604],[-59.235,-25.615],[-83.552,-23.396],[-87.484,-25.678],[-91.949,-25.266],[-94.941,-22.526],[-95.522,-10.605],[-80.552,-10.781],[-52.625,-10.32],[-39.89,-5.649],[7.994,1.483],[21.974,3.635],[48.436,7.642],[65.618,9.62],[93.015,22.911],[100.912,20.375],[99.916,13.476]],"c":true},"ix":2},"nm":"Path 1","mn":"ADBE Vector Shape - Group","hd":false},{"ty":"fl","c":{"a":0,"k":[0.511328065162,0.285881999895,0.077128623514,1],"ix":4},"o":{"a":0,"k":100,"ix":5},"r":1,"bm":0,"nm":"Fill 1","mn":"ADBE Vector Graphic - Fill","hd":false},{"ty":"tr","p":{"a":0,"k":[1169.896,1324.327],"ix":2},"a":{"a":0,"k":[0,0],"ix":1},"s":{"a":0,"k":[100,100],"ix":3},"r":{"a":0,"k":0,"ix":6},"o":{"a":0,"k":100,"ix":7},"sk":{"a":0,"k":0,"ix":4},"sa":{"a":0,"k":0,"ix":5},"nm":"Transform"}],"nm":"Group 17","np":2,"cix":2,"bm":0,"ix":17,"mn":"ADBE Vector Group","hd":false},{"ty":"gr","it":[{"ind":0,"ty":"sh","ix":1,"ks":{"a":0,"k":{"i":[[-23.707,-3.394],[-27.055,16.169],[21.634,14.272],[23.092,-0.669],[6.114,-29.803]],"o":[[29.618,4.24],[28.139,-16.818],[-19.283,-12.721],[-22.079,0.638],[-7.153,34.862]],"v":[[-13.947,42.091],[77.005,34.401],[63.51,-34.917],[-3.03,-49.901],[-97.992,-16.866]],"c":true},"ix":2},"nm":"Path 1","mn":"ADBE Vector Shape - Group","hd":false},{"ty":"fl","c":{"a":0,"k":[0.658038150563,0.377123395134,0.129524365593,1],"ix":4},"o":{"a":0,"k":100,"ix":5},"r":1,"bm":0,"nm":"Fill 1","mn":"ADBE Vector Graphic - Fill","hd":false},{"ty":"tr","p":{"a":0,"k":[1175.762,1319.166],"ix":2},"a":{"a":0,"k":[0,0],"ix":1},"s":{"a":0,"k":[100,100],"ix":3},"r":{"a":0,"k":0,"ix":6},"o":{"a":0,"k":100,"ix":7},"sk":{"a":0,"k":0,"ix":4},"sa":{"a":0,"k":0,"ix":5},"nm":"Transform"}],"nm":"Group 18","np":2,"cix":2,"bm":0,"ix":18,"mn":"ADBE Vector Group","hd":false},{"ty":"gr","it":[{"ind":0,"ty":"sh","ix":1,"ks":{"a":0,"k":{"i":[[37.44,-2.387],[8.993,-31.404],[-30.525,-12.733],[-32.266,7.242],[17.541,40.142]],"o":[[-32.599,2.079],[-9.104,31.796],[30.519,12.731],[30.412,-6.825],[-16.883,-38.632]],"v":[[-31.54,-69.33],[-108.806,-19.655],[-63.691,58.986],[33.891,60.636],[100.369,-15.931]],"c":true},"ix":2},"nm":"Path 1","mn":"ADBE Vector Shape - Group","hd":false},{"ty":"fl","c":{"a":0,"k":[0.511328065162,0.285881999895,0.077128623514,1],"ix":4},"o":{"a":0,"k":100,"ix":5},"r":1,"bm":0,"nm":"Fill 1","mn":"ADBE Vector Graphic - Fill","hd":false},{"ty":"tr","p":{"a":0,"k":[1173.562,1335.952],"ix":2},"a":{"a":0,"k":[0,0],"ix":1},"s":{"a":0,"k":[100,100],"ix":3},"r":{"a":0,"k":0,"ix":6},"o":{"a":0,"k":100,"ix":7},"sk":{"a":0,"k":0,"ix":4},"sa":{"a":0,"k":0,"ix":5},"nm":"Transform"}],"nm":"Group 19","np":2,"cix":2,"bm":0,"ix":19,"mn":"ADBE Vector Group","hd":false},{"ty":"gr","it":[{"ind":0,"ty":"sh","ix":1,"ks":{"a":0,"k":{"i":[[9.935,2.049],[18.652,12.993],[8.009,20.762],[-0.06,-1.57],[-40.344,-8.671]],"o":[[-21.764,-4.488],[-18.581,-12.944],[-0.492,-1.272],[1.79,46.606],[9.914,2.131]],"v":[[45.536,28.125],[-15.646,7.041],[-52.864,-44.195],[-55.411,-43.85],[41.341,43.337]],"c":true},"ix":2},"nm":"Path 1","mn":"ADBE Vector Shape - Group","hd":false},{"ty":"fl","c":{"a":0,"k":[0.872449209176,0.637662700578,0.402401583802,1],"ix":4},"o":{"a":0,"k":100,"ix":5},"r":1,"bm":0,"nm":"Fill 1","mn":"ADBE Vector Graphic - Fill","hd":false},{"ty":"tr","p":{"a":0,"k":[582.949,825.649],"ix":2},"a":{"a":0,"k":[0,0],"ix":1},"s":{"a":0,"k":[100,100],"ix":3},"r":{"a":0,"k":0,"ix":6},"o":{"a":0,"k":100,"ix":7},"sk":{"a":0,"k":0,"ix":4},"sa":{"a":0,"k":0,"ix":5},"nm":"Transform"}],"nm":"Group 20","np":2,"cix":2,"bm":0,"ix":20,"mn":"ADBE Vector Group","hd":false},{"ty":"gr","it":[{"ind":0,"ty":"sh","ix":1,"ks":{"a":0,"k":{"i":[[6.149,1.084],[20.465,-29.346],[-18.905,-34.77],[-0.314,2.823],[-1.66,16.5],[-9.597,15.499],[-33.108,3.934]],"o":[[-36.797,-6.486],[-21.577,30.939],[1.606,2.954],[1.825,-16.411],[1.821,-18.106],[17.91,-28.924],[5.102,-0.607]],"v":[[60.158,-78.843],[-33.366,-33.161],[-47.402,82.375],[-41.615,80.807],[-39.053,30.989],[-22.033,-20.511],[58.813,-68.912]],"c":true},"ix":2},"nm":"Path 1","mn":"ADBE Vector Shape - Group","hd":false},{"ty":"fl","c":{"a":0,"k":[1,0.843969846239,0.649970739028,1],"ix":4},"o":{"a":0,"k":100,"ix":5},"r":1,"bm":0,"nm":"Fill 1","mn":"ADBE Vector Graphic - Fill","hd":false},{"ty":"tr","p":{"a":0,"k":[444.566,947.975],"ix":2},"a":{"a":0,"k":[0,0],"ix":1},"s":{"a":0,"k":[100,100],"ix":3},"r":{"a":0,"k":0,"ix":6},"o":{"a":0,"k":100,"ix":7},"sk":{"a":0,"k":0,"ix":4},"sa":{"a":0,"k":0,"ix":5},"nm":"Transform"}],"nm":"Group 21","np":2,"cix":2,"bm":0,"ix":21,"mn":"ADBE Vector Group","hd":false},{"ty":"gr","it":[{"ind":0,"ty":"sh","ix":1,"ks":{"a":0,"k":{"i":[[3.809,1.288],[29.197,4.23],[28.098,-3.121],[-1.306,-0.248],[-28.672,-4.394],[-28.691,-5.662]],"o":[[-28.016,-9.472],[-27.834,-4.033],[-1.105,0.123],[28.44,5.407],[28.989,4.443],[3.914,0.772]],"v":[[85.758,10.237],[-2.086,-8.142],[-87.972,-13.877],[-88.26,-11.749],[-1.64,-1.577],[84.107,16.226]],"c":true},"ix":2},"nm":"Path 1","mn":"ADBE Vector Shape - Group","hd":false},{"ty":"fl","c":{"a":0,"k":[0.989724312577,1,0.925030338063,1],"ix":4},"o":{"a":0,"k":100,"ix":5},"r":1,"bm":0,"nm":"Fill 1","mn":"ADBE Vector Graphic - Fill","hd":false},{"ty":"tr","p":{"a":0,"k":[992.763,702.4],"ix":2},"a":{"a":0,"k":[0,0],"ix":1},"s":{"a":0,"k":[100,100],"ix":3},"r":{"a":0,"k":0,"ix":6},"o":{"a":0,"k":100,"ix":7},"sk":{"a":0,"k":0,"ix":4},"sa":{"a":0,"k":0,"ix":5},"nm":"Transform"}],"nm":"Group 22","np":2,"cix":2,"bm":0,"ix":22,"mn":"ADBE Vector Group","hd":false},{"ty":"gr","it":[{"ind":0,"ty":"sh","ix":1,"ks":{"a":0,"k":{"i":[[2.56,0],[-2.56,0]],"o":[[-2.556,0],[2.556,0]],"v":[[0,-1.986],[0,1.986]],"c":true},"ix":2},"nm":"Path 1","mn":"ADBE Vector Shape - Group","hd":false},{"ty":"fl","c":{"a":0,"k":[0.604136388442,0.408061936322,0.186901960186,1],"ix":4},"o":{"a":0,"k":100,"ix":5},"r":1,"bm":0,"nm":"Fill 1","mn":"ADBE Vector Graphic - Fill","hd":false},{"ty":"tr","p":{"a":0,"k":[792.361,818.69],"ix":2},"a":{"a":0,"k":[0,0],"ix":1},"s":{"a":0,"k":[100,100],"ix":3},"r":{"a":0,"k":0,"ix":6},"o":{"a":0,"k":100,"ix":7},"sk":{"a":0,"k":0,"ix":4},"sa":{"a":0,"k":0,"ix":5},"nm":"Transform"}],"nm":"Group 23","np":2,"cix":2,"bm":0,"ix":23,"mn":"ADBE Vector Group","hd":false},{"ty":"gr","it":[{"ind":0,"ty":"sh","ix":1,"ks":{"a":0,"k":{"i":[[0.975,0.894],[0.158,0.16],[0.659,-0.672],[0.157,-0.16],[-0.144,-0.572],[-1.33,0.02],[-0.02,-0.001],[-0.009,0],[-0.136,0.995]],"o":[[-0.157,-0.16],[-0.658,-0.671],[-0.157,0.16],[-0.974,0.892],[0.136,0.99],[0.019,0.001],[0.008,0],[1.337,0.026],[0.142,-0.572]],"v":[[1.71,-1.253],[1.237,-1.734],[-1.24,-1.734],[-1.711,-1.253],[-2.812,0.943],[-0.05,2.378],[0.008,2.381],[0.034,2.38],[2.813,0.945]],"c":true},"ix":2},"nm":"Path 1","mn":"ADBE Vector Shape - Group","hd":false},{"ty":"fl","c":{"a":0,"k":[0.604136388442,0.408061936322,0.186901960186,1],"ix":4},"o":{"a":0,"k":100,"ix":5},"r":1,"bm":0,"nm":"Fill 1","mn":"ADBE Vector Graphic - Fill","hd":false},{"ty":"tr","p":{"a":0,"k":[775.415,829.971],"ix":2},"a":{"a":0,"k":[0,0],"ix":1},"s":{"a":0,"k":[100,100],"ix":3},"r":{"a":0,"k":0,"ix":6},"o":{"a":0,"k":100,"ix":7},"sk":{"a":0,"k":0,"ix":4},"sa":{"a":0,"k":0,"ix":5},"nm":"Transform"}],"nm":"Group 24","np":2,"cix":2,"bm":0,"ix":24,"mn":"ADBE Vector Group","hd":false},{"ty":"gr","it":[{"ind":0,"ty":"sh","ix":1,"ks":{"a":0,"k":{"i":[[1.983,1.021],[1.207,-0.019],[0.251,-0.072],[-0.705,0.027],[0.377,-0.051],[0.411,-0.225],[-0.208,-1.548],[-1.564,-0.651],[0.542,0.246],[-0.422,-0.131],[-0.372,-0.141],[-0.791,1.876]],"o":[[-1.049,-0.54],[-0.255,-0.026],[-0.763,0.077],[-0.377,0.05],[-0.445,0.154],[-1.448,0.761],[0.235,1.753],[0.449,0.192],[0.395,0.203],[0.38,0.117],[2.075,0.786],[0.82,-1.942]],"v":[[3.083,-3.956],[-0.294,-4.956],[-1.055,-4.886],[-1.141,-4.811],[-2.273,-4.659],[-3.557,-4.09],[-5.52,0.008],[-2.573,3.427],[-2.713,3.346],[-1.487,3.848],[-0.354,4.196],[4.907,1.614]],"c":true},"ix":2},"nm":"Path 1","mn":"ADBE Vector Shape - Group","hd":false},{"ty":"fl","c":{"a":0,"k":[0.604136388442,0.408061936322,0.186901960186,1],"ix":4},"o":{"a":0,"k":100,"ix":5},"r":1,"bm":0,"nm":"Fill 1","mn":"ADBE Vector Graphic - Fill","hd":false},{"ty":"tr","p":{"a":0,"k":[764.598,817.123],"ix":2},"a":{"a":0,"k":[0,0],"ix":1},"s":{"a":0,"k":[100,100],"ix":3},"r":{"a":0,"k":0,"ix":6},"o":{"a":0,"k":100,"ix":7},"sk":{"a":0,"k":0,"ix":4},"sa":{"a":0,"k":0,"ix":5},"nm":"Transform"}],"nm":"Group 25","np":2,"cix":2,"bm":0,"ix":25,"mn":"ADBE Vector Group","hd":false},{"ty":"gr","it":[{"ind":0,"ty":"sh","ix":1,"ks":{"a":0,"k":{"i":[[1.606,1.64],[1.738,0.021],[-0.108,-2.408],[-2.52,0.03],[-1.308,1.335]],"o":[[-1.308,-1.335],[-2.353,-0.028],[0.108,2.412],[1.738,-0.021],[1.602,-1.636]],"v":[[3.757,-2.976],[-0.758,-4.497],[-5.255,0],[-0.758,4.495],[3.757,2.974]],"c":true},"ix":2},"nm":"Path 1","mn":"ADBE Vector Shape - Group","hd":false},{"ty":"fl","c":{"a":0,"k":[0.604136388442,0.408061936322,0.186901960186,1],"ix":4},"o":{"a":0,"k":100,"ix":5},"r":1,"bm":0,"nm":"Fill 1","mn":"ADBE Vector Graphic - Fill","hd":false},{"ty":"tr","p":{"a":0,"k":[740.738,826.395],"ix":2},"a":{"a":0,"k":[0,0],"ix":1},"s":{"a":0,"k":[100,100],"ix":3},"r":{"a":0,"k":0,"ix":6},"o":{"a":0,"k":100,"ix":7},"sk":{"a":0,"k":0,"ix":4},"sa":{"a":0,"k":0,"ix":5},"nm":"Transform"}],"nm":"Group 26","np":2,"cix":2,"bm":0,"ix":26,"mn":"ADBE Vector Group","hd":false},{"ty":"gr","it":[{"ind":0,"ty":"sh","ix":1,"ks":{"a":0,"k":{"i":[[2.457,1.038],[-0.104,-2.935],[-0.004,-0.108],[0,0],[-0.323,-0.598],[-1.69,2.187]],"o":[[-2.569,-1.084],[0.004,0.108],[0,0],[-0.02,0.644],[1.381,2.563],[1.635,-2.115]],"v":[[1.25,-3.66],[-4.417,0.078],[-4.405,0.401],[-4.365,0.252],[-3.858,2.143],[2.886,2.557]],"c":true},"ix":2},"nm":"Path 1","mn":"ADBE Vector Shape - Group","hd":false},{"ty":"fl","c":{"a":0,"k":[0.604136388442,0.408061936322,0.186901960186,1],"ix":4},"o":{"a":0,"k":100,"ix":5},"r":1,"bm":0,"nm":"Fill 1","mn":"ADBE Vector Graphic - Fill","hd":false},{"ty":"tr","p":{"a":0,"k":[722.41,781.356],"ix":2},"a":{"a":0,"k":[0,0],"ix":1},"s":{"a":0,"k":[100,100],"ix":3},"r":{"a":0,"k":0,"ix":6},"o":{"a":0,"k":100,"ix":7},"sk":{"a":0,"k":0,"ix":4},"sa":{"a":0,"k":0,"ix":5},"nm":"Transform"}],"nm":"Group 27","np":2,"cix":2,"bm":0,"ix":27,"mn":"ADBE Vector Group","hd":false},{"ty":"gr","it":[{"ind":0,"ty":"sh","ix":1,"ks":{"a":0,"k":{"i":[[0.045,0.385],[0.346,-2.949],[0.045,-0.385],[-1.202,0],[0.153,1.312]],"o":[[-0.345,-2.942],[-0.045,0.385],[-0.153,1.305],[1.194,0],[-0.045,-0.385]],"v":[[2.292,-0.317],[-2.294,-0.317],[-2.429,0.838],[-0.001,3.266],[2.428,0.838]],"c":true},"ix":2},"nm":"Path 1","mn":"ADBE Vector Shape - Group","hd":false},{"ty":"fl","c":{"a":0,"k":[0.391629387351,0.26112575157,0.150573012408,1],"ix":4},"o":{"a":0,"k":100,"ix":5},"r":1,"bm":0,"nm":"Fill 1","mn":"ADBE Vector Graphic - Fill","hd":false},{"ty":"tr","p":{"a":0,"k":[1057.356,805.141],"ix":2},"a":{"a":0,"k":[0,0],"ix":1},"s":{"a":0,"k":[100,100],"ix":3},"r":{"a":0,"k":0,"ix":6},"o":{"a":0,"k":100,"ix":7},"sk":{"a":0,"k":0,"ix":4},"sa":{"a":0,"k":0,"ix":5},"nm":"Transform"}],"nm":"Group 28","np":2,"cix":2,"bm":0,"ix":28,"mn":"ADBE Vector Group","hd":false},{"ty":"gr","it":[{"ind":0,"ty":"sh","ix":1,"ks":{"a":0,"k":{"i":[[3.795,-0.17],[0.799,-1.365],[-1.443,-1.319],[-0.481,-0.282],[-0.053,-0.042],[-1.105,0.874],[-0.047,0.043],[-0.425,0.388]],"o":[[-1.549,0.07],[-0.958,1.636],[0.418,0.382],[0.049,0.045],[1.095,0.867],[0.05,-0.04],[0.483,-0.281],[2.804,-2.564]],"v":[[-0.576,-4.73],[-4.411,-2.53],[-3.717,2.852],[-2.386,3.886],[-2.249,4.026],[1.097,4.026],[1.227,3.893],[2.565,2.852]],"c":true},"ix":2},"nm":"Path 1","mn":"ADBE Vector Shape - Group","hd":false},{"ty":"fl","c":{"a":0,"k":[0.391629387351,0.26112575157,0.150573012408,1],"ix":4},"o":{"a":0,"k":100,"ix":5},"r":1,"bm":0,"nm":"Fill 1","mn":"ADBE Vector Graphic - Fill","hd":false},{"ty":"tr","p":{"a":0,"k":[1016.333,792.787],"ix":2},"a":{"a":0,"k":[0,0],"ix":1},"s":{"a":0,"k":[100,100],"ix":3},"r":{"a":0,"k":0,"ix":6},"o":{"a":0,"k":100,"ix":7},"sk":{"a":0,"k":0,"ix":4},"sa":{"a":0,"k":0,"ix":5},"nm":"Transform"}],"nm":"Group 29","np":2,"cix":2,"bm":0,"ix":29,"mn":"ADBE Vector Group","hd":false},{"ty":"gr","it":[{"ind":0,"ty":"sh","ix":1,"ks":{"a":0,"k":{"i":[[0.217,1.614],[1.996,0.268],[0.912,-1.556],[-1.481,-1.281],[-0.058,-0.05],[-1.803,0.796],[0,0]],"o":[[-0.269,-1.997],[-1.752,-0.235],[-0.947,1.62],[0.056,0.049],[1.539,1.331],[0,0],[1.611,-0.711]],"v":[[4.477,-0.657],[0.693,-4.441],[-3.747,-2.314],[-3.049,3.086],[-2.878,3.234],[2.128,3.88],[2.349,3.782]],"c":true},"ix":2},"nm":"Path 1","mn":"ADBE Vector Shape - Group","hd":false},{"ty":"fl","c":{"a":0,"k":[0.315901722628,0.203530360203,0.09797745499,1],"ix":4},"o":{"a":0,"k":100,"ix":5},"r":1,"bm":0,"nm":"Fill 1","mn":"ADBE Vector Graphic - Fill","hd":false},{"ty":"tr","p":{"a":0,"k":[972.675,790.277],"ix":2},"a":{"a":0,"k":[0,0],"ix":1},"s":{"a":0,"k":[100,100],"ix":3},"r":{"a":0,"k":0,"ix":6},"o":{"a":0,"k":100,"ix":7},"sk":{"a":0,"k":0,"ix":4},"sa":{"a":0,"k":0,"ix":5},"nm":"Transform"}],"nm":"Group 30","np":2,"cix":2,"bm":0,"ix":30,"mn":"ADBE Vector Group","hd":false},{"ty":"gr","it":[{"ind":0,"ty":"sh","ix":1,"ks":{"a":0,"k":{"i":[[0.091,0.511],[0.013,0.061],[0.002,0.026],[1.438,0.684],[0.974,-2.555],[-1.615,-1.357],[-0.027,-0.046],[-0.093,-0.141],[0,0.001],[-0.149,-0.294],[-0.143,-0.376],[-0.8,-0.072],[-0.602,0.547],[0.489,-0.424],[-0.349,0.946],[-0.029,0.843]],"o":[[-0.034,-0.194],[-0.002,-0.02],[-0.116,-1.467],[-2.092,-0.996],[-0.809,2.123],[0.026,0.045],[0.023,0.041],[0.028,0.148],[0.026,0.077],[0.031,0.405],[0.285,0.757],[0.825,0.075],[0.024,-0.021],[0.739,-0.641],[0.293,-0.798],[0.019,-0.52]],"v":[[4.564,-1.064],[4.497,-1.414],[4.493,-1.465],[2.324,-5.246],[-3.94,-3.664],[-2.511,1.941],[-2.43,2.074],[-2.143,2.55],[-1.997,3.095],[-1.683,3.752],[-1.462,4.935],[0.157,6.167],[2.436,5.306],[2.702,5.006],[4.172,3.095],[4.73,0.481]],"c":true},"ix":2},"nm":"Path 1","mn":"ADBE Vector Shape - Group","hd":false},{"ty":"fl","c":{"a":0,"k":[0.391629387351,0.26112575157,0.150573012408,1],"ix":4},"o":{"a":0,"k":100,"ix":5},"r":1,"bm":0,"nm":"Fill 1","mn":"ADBE Vector Graphic - Fill","hd":false},{"ty":"tr","p":{"a":0,"k":[972.051,778.423],"ix":2},"a":{"a":0,"k":[0,0],"ix":1},"s":{"a":0,"k":[100,100],"ix":3},"r":{"a":0,"k":0,"ix":6},"o":{"a":0,"k":100,"ix":7},"sk":{"a":0,"k":0,"ix":4},"sa":{"a":0,"k":0,"ix":5},"nm":"Transform"}],"nm":"Group 31","np":2,"cix":2,"bm":0,"ix":31,"mn":"ADBE Vector Group","hd":false},{"ty":"gr","it":[{"ind":0,"ty":"sh","ix":1,"ks":{"a":0,"k":{"i":[[2.442,0.646],[1.118,-3.518],[-0.769,-1.314],[-1.088,-0.04],[-0.567,-0.049],[-0.434,0.107],[-0.346,-0.004],[-0.061,0.001],[-0.118,-0.029],[-0.55,2.419]],"o":[[-3.041,-0.804],[-0.775,1.148],[0.631,1.078],[0.497,0.196],[0.436,0.067],[0.345,0.003],[0.093,0.001],[0.041,0.017],[2.288,0.566],[0.539,-2.365]],"v":[[3.287,-4.234],[-5.84,-1.153],[-6.209,2.713],[-3.472,4.17],[-1.886,4.519],[-0.581,4.44],[0.458,4.405],[0.659,4.403],[0.887,4.471],[6.439,1.318]],"c":true},"ix":2},"nm":"Path 1","mn":"ADBE Vector Shape - Group","hd":false},{"ty":"fl","c":{"a":0,"k":[0.604136388442,0.408061936322,0.186901960186,1],"ix":4},"o":{"a":0,"k":100,"ix":5},"r":1,"bm":0,"nm":"Fill 1","mn":"ADBE Vector Graphic - Fill","hd":false},{"ty":"tr","p":{"a":0,"k":[1022.892,812.486],"ix":2},"a":{"a":0,"k":[0,0],"ix":1},"s":{"a":0,"k":[100,100],"ix":3},"r":{"a":0,"k":0,"ix":6},"o":{"a":0,"k":100,"ix":7},"sk":{"a":0,"k":0,"ix":4},"sa":{"a":0,"k":0,"ix":5},"nm":"Transform"}],"nm":"Group 32","np":2,"cix":2,"bm":0,"ix":32,"mn":"ADBE Vector Group","hd":false},{"ty":"gr","it":[{"ind":0,"ty":"sh","ix":1,"ks":{"a":0,"k":{"i":[[2.517,5.234],[7.493,0.853],[30.487,-7.248],[-0.936,0.019],[-18.896,-0.535],[-8.662,-0.842],[-5.517,-0.78],[-2.858,-0.472],[-2.169,-4.012],[-3.585,0.093]],"o":[[-3.959,-8.234],[-30.918,-3.524],[-0.911,0.217],[18.844,-0.371],[8.7,0.246],[5.546,0.538],[2.869,0.405],[4.248,-0.1],[-3.571,0.093],[5.196,-0.134]],"v":[[61.157,1.469],[32.88,-6.727],[-62.763,-4.467],[-62.542,-2.836],[-6.15,-4.727],[19.904,-3.102],[36.505,-1.123],[45.095,0.192],[54.721,6.06],[54.721,11.621]],"c":true},"ix":2},"nm":"Path 1","mn":"ADBE Vector Shape - Group","hd":false},{"ty":"fl","c":{"a":0,"k":[0.604136388442,0.408061936322,0.186901960186,1],"ix":4},"o":{"a":0,"k":100,"ix":5},"r":1,"bm":0,"nm":"Fill 1","mn":"ADBE Vector Graphic - Fill","hd":false},{"ty":"tr","p":{"a":0,"k":[861.034,835.137],"ix":2},"a":{"a":0,"k":[0,0],"ix":1},"s":{"a":0,"k":[100,100],"ix":3},"r":{"a":0,"k":0,"ix":6},"o":{"a":0,"k":100,"ix":7},"sk":{"a":0,"k":0,"ix":4},"sa":{"a":0,"k":0,"ix":5},"nm":"Transform"}],"nm":"Group 33","np":2,"cix":2,"bm":0,"ix":33,"mn":"ADBE Vector Group","hd":false},{"ty":"gr","it":[{"ind":0,"ty":"sh","ix":1,"ks":{"a":0,"k":{"i":[[1.819,0.55],[29.213,1.503],[31.378,-1.343],[29.174,-4.021],[18.971,-17.424],[-1.196,0.672],[-27.934,3.246],[-29.132,0.982],[-28.377,-1.466],[-29.558,0.43]],"o":[[-28.184,-8.521],[-31.366,-1.615],[-29.423,1.258],[-24.507,3.378],[-1.045,0.959],[24.827,-13.937],[28.953,-3.363],[28.399,-0.958],[29.595,1.53],[1.904,-0.027]],"v":[[170.959,-6.051],[81.229,-16.258],[-12.955,-16.658],[-100.864,-8.732],[-171.733,15.401],[-170.246,17.328],[-91.185,-4.07],[-3.989,-10.672],[81.229,-9.909],[170.512,-2.753]],"c":true},"ix":2},"nm":"Path 1","mn":"ADBE Vector Shape - Group","hd":false},{"ty":"fl","c":{"a":0,"k":[0.604136388442,0.408061936322,0.186901960186,1],"ix":4},"o":{"a":0,"k":100,"ix":5},"r":1,"bm":0,"nm":"Fill 1","mn":"ADBE Vector Graphic - Fill","hd":false},{"ty":"tr","p":{"a":0,"k":[830.116,812.306],"ix":2},"a":{"a":0,"k":[0,0],"ix":1},"s":{"a":0,"k":[100,100],"ix":3},"r":{"a":0,"k":0,"ix":6},"o":{"a":0,"k":100,"ix":7},"sk":{"a":0,"k":0,"ix":4},"sa":{"a":0,"k":0,"ix":5},"nm":"Transform"}],"nm":"Group 34","np":2,"cix":2,"bm":0,"ix":34,"mn":"ADBE Vector Group","hd":false},{"ty":"gr","it":[{"ind":0,"ty":"sh","ix":1,"ks":{"a":0,"k":{"i":[[0.899,0.293],[8.369,0.909],[-1.466,-0.308],[-8.433,0]],"o":[[-8.021,-2.614],[-1.494,-0.163],[8.232,1.729],[0.978,0]],"v":[[12.953,1.473],[-12.032,-2.978],[-12.387,-0.354],[12.728,3.141]],"c":true},"ix":2},"nm":"Path 1","mn":"ADBE Vector Shape - Group","hd":false},{"ty":"fl","c":{"a":0,"k":[0.391629387351,0.26112575157,0.150573012408,1],"ix":4},"o":{"a":0,"k":100,"ix":5},"r":1,"bm":0,"nm":"Fill 1","mn":"ADBE Vector Graphic - Fill","hd":false},{"ty":"tr","p":{"a":0,"k":[967.682,775.787],"ix":2},"a":{"a":0,"k":[0,0],"ix":1},"s":{"a":0,"k":[100,100],"ix":3},"r":{"a":0,"k":0,"ix":6},"o":{"a":0,"k":100,"ix":7},"sk":{"a":0,"k":0,"ix":4},"sa":{"a":0,"k":0,"ix":5},"nm":"Transform"}],"nm":"Group 35","np":2,"cix":2,"bm":0,"ix":35,"mn":"ADBE Vector Group","hd":false},{"ty":"gr","it":[{"ind":0,"ty":"sh","ix":1,"ks":{"a":0,"k":{"i":[[2.131,0.547],[15.138,0.775],[16.706,0.394],[32.124,-3.108],[49.079,-30.081],[-2.764,1.304],[-35.787,7.991],[-0.064,-1.416],[-2.52,0],[0.109,2.429],[1.942,0.501],[-0.417,0.089],[-2.022,0.782],[-0.811,0.727],[0.035,1.01],[-17.349,1.59],[-30.196,-0.51],[-15.929,-0.763],[-15.578,2.068]],"o":[[-14.747,-3.786],[-16.687,-0.854],[-32.246,-0.761],[-56.678,5.483],[-2.672,1.638],[33.948,-16.024],[-1.095,0.833],[0.109,2.436],[2.352,0],[-0.092,-2.062],[0.416,-0.089],[0.808,1.846],[1.019,-0.395],[0.733,-0.658],[16.739,-3.254],[30.087,-2.758],[15.945,0.27],[15.653,0.751],[1.845,-0.245]],"v":[[179.296,-22.028],[133.321,-26.011],[83.232,-28],[-13.494,-25.206],[-178.755,23.31],[-176.331,27.456],[-72.014,-8.464],[-73.797,-4.935],[-69.302,-0.44],[-64.806,-4.935],[-68.2,-9.278],[-66.945,-9.528],[-62.03,-7.076],[-59.423,-8.537],[-58.386,-11.232],[-7.305,-18.555],[83.232,-21.393],[131.045,-19.795],[178.821,-18.516]],"c":true},"ix":2},"nm":"Path 1","mn":"ADBE Vector Shape - Group","hd":false},{"ty":"fl","c":{"a":0,"k":[0.604136388442,0.408061936322,0.186901960186,1],"ix":4},"o":{"a":0,"k":100,"ix":5},"r":1,"bm":0,"nm":"Fill 1","mn":"ADBE Vector Graphic - Fill","hd":false},{"ty":"tr","p":{"a":0,"k":[756.898,791.271],"ix":2},"a":{"a":0,"k":[0,0],"ix":1},"s":{"a":0,"k":[100,100],"ix":3},"r":{"a":0,"k":0,"ix":6},"o":{"a":0,"k":100,"ix":7},"sk":{"a":0,"k":0,"ix":4},"sa":{"a":0,"k":0,"ix":5},"nm":"Transform"}],"nm":"Group 36","np":2,"cix":2,"bm":0,"ix":36,"mn":"ADBE Vector Group","hd":false},{"ty":"gr","it":[{"ind":0,"ty":"sh","ix":1,"ks":{"a":0,"k":{"i":[[1.666,0.201],[17.322,1.141],[17.276,0.783],[-2.174,-0.686],[-17.296,-1.228],[-17.111,3.403]],"o":[[-17.229,-2.078],[-17.284,-1.138],[-2.407,-0.11],[16.599,5.23],[17.309,1.229],[1.952,-0.387]],"v":[[52.137,0.562],[-0.028,-2.06],[-51.796,-7.046],[-52.347,-2.968],[-0.028,5.052],[52.569,3.753]],"c":true},"ix":2},"nm":"Path 1","mn":"ADBE Vector Shape - Group","hd":false},{"ty":"fl","c":{"a":0,"k":[0.989724312577,1,0.925030338063,1],"ix":4},"o":{"a":0,"k":100,"ix":5},"r":1,"bm":0,"nm":"Fill 1","mn":"ADBE Vector Graphic - Fill","hd":false},{"ty":"tr","p":{"a":0,"k":[723.273,868.792],"ix":2},"a":{"a":0,"k":[0,0],"ix":1},"s":{"a":0,"k":[100,100],"ix":3},"r":{"a":0,"k":0,"ix":6},"o":{"a":0,"k":100,"ix":7},"sk":{"a":0,"k":0,"ix":4},"sa":{"a":0,"k":0,"ix":5},"nm":"Transform"}],"nm":"Group 37","np":2,"cix":2,"bm":0,"ix":37,"mn":"ADBE Vector Group","hd":false},{"ty":"gr","it":[{"ind":0,"ty":"sh","ix":1,"ks":{"a":0,"k":{"i":[[-51.266,44.772],[5.846,-1.899],[20.003,-3.405],[26.35,-1.921],[13.558,-1.014],[6.406,-0.709],[5.515,2.711],[0.074,-0.235],[-7.578,0.332]],"o":[[-3.315,2.896],[-19.328,6.276],[-26.055,4.435],[-13.56,0.989],[-6.428,0.482],[-6.119,0.676],[-0.214,-0.105],[-4.82,15.278],[64.555,-2.828]],"v":[[131.136,-27.247],[94.758,-16.945],[35.029,-3.248],[-43.749,5.732],[-84.445,8.447],[-103.74,9.992],[-125.786,11.753],[-126.317,11.969],[-67.019,21.729]],"c":true},"ix":2},"nm":"Path 1","mn":"ADBE Vector Shape - Group","hd":false},{"ty":"fl","c":{"a":0,"k":[0.989724312577,1,0.925030338063,1],"ix":4},"o":{"a":0,"k":100,"ix":5},"r":1,"bm":0,"nm":"Fill 1","mn":"ADBE Vector Graphic - Fill","hd":false},{"ty":"tr","p":{"a":0,"k":[960.961,856.802],"ix":2},"a":{"a":0,"k":[0,0],"ix":1},"s":{"a":0,"k":[100,100],"ix":3},"r":{"a":0,"k":0,"ix":6},"o":{"a":0,"k":100,"ix":7},"sk":{"a":0,"k":0,"ix":4},"sa":{"a":0,"k":0,"ix":5},"nm":"Transform"}],"nm":"Group 38","np":2,"cix":2,"bm":0,"ix":38,"mn":"ADBE Vector Group","hd":false},{"ty":"gr","it":[{"ind":0,"ty":"sh","ix":1,"ks":{"a":0,"k":{"i":[[127.903,-4.3],[-47.394,-28.672],[-7.701,3.541],[-0.043,0.019],[-4.913,3.29]],"o":[[115.95,5.054],[8.372,-2.747],[0.043,-0.02],[5.564,-2.564],[-44.26,-24.205]],"v":[[-156.246,-25.755],[116.156,30.055],[140.318,20.663],[140.448,20.604],[156.246,11.783]],"c":true},"ix":2},"nm":"Path 1","mn":"ADBE Vector Shape - Group","hd":false},{"ty":"fl","c":{"a":0,"k":[0.262725171856,0.170420343736,0.082234648162,1],"ix":4},"o":{"a":0,"k":100,"ix":5},"r":1,"bm":0,"nm":"Fill 1","mn":"ADBE Vector Graphic - Fill","hd":false},{"ty":"tr","p":{"a":0,"k":[946.031,794.432],"ix":2},"a":{"a":0,"k":[0,0],"ix":1},"s":{"a":0,"k":[100,100],"ix":3},"r":{"a":0,"k":0,"ix":6},"o":{"a":0,"k":100,"ix":7},"sk":{"a":0,"k":0,"ix":4},"sa":{"a":0,"k":0,"ix":5},"nm":"Transform"}],"nm":"Group 39","np":2,"cix":2,"bm":0,"ix":39,"mn":"ADBE Vector Group","hd":false},{"ty":"gr","it":[{"ind":0,"ty":"sh","ix":1,"ks":{"a":0,"k":{"i":[[95.166,-73.784],[-48.909,2.285],[-57.879,26.611],[-0.043,0.019],[-4.913,3.291]],"o":[[67.241,44.698],[63.458,-2.964],[0.043,-0.02],[5.564,-2.564],[-75.653,-41.374]],"v":[[-263.587,14.543],[47.036,45.347],[247.66,13.216],[247.789,13.157],[263.587,4.335]],"c":true},"ix":2},"nm":"Path 1","mn":"ADBE Vector Shape - Group","hd":false},{"ty":"fl","c":{"a":0,"k":[0.32840163287,0.216211266611,0.126822258444,1],"ix":4},"o":{"a":0,"k":100,"ix":5},"r":1,"bm":0,"nm":"Fill 1","mn":"ADBE Vector Graphic - Fill","hd":false},{"ty":"tr","p":{"a":0,"k":[838.689,801.879],"ix":2},"a":{"a":0,"k":[0,0],"ix":1},"s":{"a":0,"k":[100,100],"ix":3},"r":{"a":0,"k":0,"ix":6},"o":{"a":0,"k":100,"ix":7},"sk":{"a":0,"k":0,"ix":4},"sa":{"a":0,"k":0,"ix":5},"nm":"Transform"}],"nm":"Group 40","np":2,"cix":2,"bm":0,"ix":40,"mn":"ADBE Vector Group","hd":false},{"ty":"gr","it":[{"ind":0,"ty":"sh","ix":1,"ks":{"a":0,"k":{"i":[[2.521,22.02],[15.244,10.545],[-29.243,-137.569],[-57.496,2.685],[-57.879,26.611],[-0.043,0.019]],"o":[[-1.261,-11.01],[-74.335,-51.419],[16.619,78.177],[63.458,-2.965],[0.043,-0.02],[26.228,-12.083]],"v":[[302.463,2.317],[278.838,-30.507],[-275.74,29.696],[57.086,89.596],[257.71,57.464],[257.839,57.405]],"c":true},"ix":2},"nm":"Path 1","mn":"ADBE Vector Shape - Group","hd":false},{"ty":"fl","c":{"a":0,"k":[0.872449209176,0.637662700578,0.402401583802,1],"ix":4},"o":{"a":0,"k":100,"ix":5},"r":1,"bm":0,"nm":"Fill 1","mn":"ADBE Vector Graphic - Fill","hd":false},{"ty":"tr","p":{"a":0,"k":[828.639,757.631],"ix":2},"a":{"a":0,"k":[0,0],"ix":1},"s":{"a":0,"k":[100,100],"ix":3},"r":{"a":0,"k":0,"ix":6},"o":{"a":0,"k":100,"ix":7},"sk":{"a":0,"k":0,"ix":4},"sa":{"a":0,"k":0,"ix":5},"nm":"Transform"}],"nm":"Group 41","np":2,"cix":2,"bm":0,"ix":41,"mn":"ADBE Vector Group","hd":false},{"ty":"gr","it":[{"ind":0,"ty":"sh","ix":1,"ks":{"a":0,"k":{"i":[[2.76,26.944],[16.693,12.903],[-32.022,-168.327],[-62.961,3.286],[-63.38,32.561],[-0.047,0.024]],"o":[[-1.381,-13.472],[-81.4,-62.915],[18.198,95.656],[69.488,-3.627],[0.047,-0.025],[28.721,-14.784]],"v":[[331.209,2.834],[305.339,-37.328],[-301.947,36.336],[62.513,109.628],[282.204,70.312],[282.345,70.24]],"c":true},"ix":2},"nm":"Path 1","mn":"ADBE Vector Shape - Group","hd":false},{"ty":"fl","c":{"a":0,"k":[1,0.843969846239,0.649970739028,1],"ix":4},"o":{"a":0,"k":100,"ix":5},"r":1,"bm":0,"nm":"Fill 1","mn":"ADBE Vector Graphic - Fill","hd":false},{"ty":"tr","p":{"a":0,"k":[827.417,758.032],"ix":2},"a":{"a":0,"k":[0,0],"ix":1},"s":{"a":0,"k":[100,100],"ix":3},"r":{"a":0,"k":0,"ix":6},"o":{"a":0,"k":100,"ix":7},"sk":{"a":0,"k":0,"ix":4},"sa":{"a":0,"k":0,"ix":5},"nm":"Transform"}],"nm":"Group 42","np":2,"cix":2,"bm":0,"ix":42,"mn":"ADBE Vector Group","hd":false},{"ty":"gr","it":[{"ind":0,"ty":"sh","ix":1,"ks":{"a":0,"k":{"i":[[-0.396,-40.926],[0.191,-3.205],[21.361,-0.421],[10.786,6.515],[-5.043,52.563],[-51.388,-9.558],[-1.718,-12.45]],"o":[[0.032,3.282],[-1.132,18.947],[-12.897,0.252],[-45.478,-27.47],[4.402,-45.877],[16.336,3.117],[5.488,39.767]],"v":[[-140.36,46.752],[-140.593,56.487],[-162,79.397],[-198.826,67.339],[-271.456,-81.244],[-180.593,-167.173],[-162.895,-80.363]],"c":true},"ix":2},"nm":"Path 1","mn":"ADBE Vector Shape - Group","hd":false},{"ind":1,"ty":"sh","ix":2,"ks":{"a":0,"k":{"i":[[31.099,-4.103],[70.992,16.265],[5.338,1.77],[21.906,122.002],[2.274,73.997],[-1.129,-30.454],[24.5,-23.34],[-72.434,-72.382],[-23.093,-10.91],[-12.708,-2.983],[-7.131,-4.278],[-16.586,-20.291],[-33.221,-11.229],[-5.369,-1.255],[-68.517,9.215],[-27.237,34.839]],"o":[[-72.219,9.527],[-5.659,-1.297],[-136.924,-45.399],[-13.083,-72.865],[-2.691,30.355],[-31.319,-12.802],[-81.492,77.639],[18.035,18.022],[11.795,5.571],[9.329,2.191],[20.852,12.511],[21.933,26.831],[5.06,1.71],[67.355,15.733],[44.481,-5.983],[-22.735,18.965]],"v":[[272.393,266.977],[56.156,260.122],[39.654,255.535],[-152.331,-86.083],[-175.427,-306.77],[-177.773,-215.439],[-271.28,-193.721],[-250.254,82.148],[-188.229,126.495],[-151.399,139.537],[-112.537,143.68],[-56.903,225.406],[25.563,286.488],[41.218,290.924],[246.374,297.555],[352.772,230.653]],"c":true},"ix":2},"nm":"Path 2","mn":"ADBE Vector Shape - Group","hd":false},{"ty":"mm","mm":1,"nm":"Merge Paths 1","mn":"ADBE Vector Filter - Merge","hd":false},{"ty":"fl","c":{"a":0,"k":[0.872449209176,0.637662700578,0.402401583802,1],"ix":4},"o":{"a":0,"k":100,"ix":5},"r":1,"bm":0,"nm":"Fill 1","mn":"ADBE Vector Graphic - Fill","hd":false},{"ty":"tr","p":{"a":0,"k":[699.204,1078.359],"ix":2},"a":{"a":0,"k":[0,0],"ix":1},"s":{"a":0,"k":[100,100],"ix":3},"r":{"a":0,"k":0,"ix":6},"o":{"a":0,"k":100,"ix":7},"sk":{"a":0,"k":0,"ix":4},"sa":{"a":0,"k":0,"ix":5},"nm":"Transform"}],"nm":"Group 43","np":4,"cix":2,"bm":0,"ix":43,"mn":"ADBE Vector Group","hd":false},{"ty":"gr","it":[{"ind":0,"ty":"sh","ix":1,"ks":{"a":0,"k":{"i":[[82.481,-11.094],[67.355,15.735],[5.061,1.71],[30.531,61.063],[-1.72,118.169],[4.008,-0.505],[-43.19,-101.754],[-69.908,-23.63],[-5.368,-1.255],[-68.518,9.215],[-28.296,86.429]],"o":[[-68.519,9.215],[-5.369,-1.254],[-69.908,-23.63],[-38.772,-91.345],[-4.009,0.432],[-9.982,110.677],[30.531,61.061],[5.06,1.71],[67.355,15.733],[96.532,-12.984],[-30.106,77.024]],"v":[[142.473,259.629],[-62.684,252.997],[-78.338,248.563],[-215.915,92.837],[-281.831,-307.565],[-293.857,-306.168],[-229.744,131.559],[-92.166,287.283],[-76.513,291.719],[128.644,298.35],[303.839,91.325]],"c":true},"ix":2},"nm":"Path 1","mn":"ADBE Vector Shape - Group","hd":false},{"ty":"fl","c":{"a":0,"k":[0.872449209176,0.637662700578,0.402401583802,1],"ix":4},"o":{"a":0,"k":100,"ix":5},"r":1,"bm":0,"nm":"Fill 1","mn":"ADBE Vector Graphic - Fill","hd":false},{"ty":"tr","p":{"a":0,"k":[816.934,1077.564],"ix":2},"a":{"a":0,"k":[0,0],"ix":1},"s":{"a":0,"k":[100,100],"ix":3},"r":{"a":0,"k":0,"ix":6},"o":{"a":0,"k":100,"ix":7},"sk":{"a":0,"k":0,"ix":4},"sa":{"a":0,"k":0,"ix":5},"nm":"Transform"}],"nm":"Group 44","np":2,"cix":2,"bm":0,"ix":44,"mn":"ADBE Vector Group","hd":false},{"ty":"gr","it":[{"ind":0,"ty":"sh","ix":1,"ks":{"a":0,"k":{"i":[[-5.369,-1.255],[-68.518,9.215],[-27.344,88.385],[34.629,17.036],[31.439,-2.691],[50.423,1.016],[117.039,-14.723],[-43.19,-101.754],[-69.909,-23.629]],"o":[[67.355,15.733],[101.96,-13.714],[10.599,-34.257],[-28.561,-14.052],[-50.279,4.304],[-118.443,-2.386],[-9.982,110.678],[30.531,61.061],[5.06,1.71]],"v":[[-112.664,305.595],[92.493,312.226],[272.271,90.83],[305.361,-307.389],[173.867,-291.653],[22.591,-288.004],[-330.008,-292.293],[-265.895,145.435],[-128.317,301.159]],"c":true},"ix":2},"nm":"Path 1","mn":"ADBE Vector Shape - Group","hd":false},{"ty":"fl","c":{"a":0,"k":[1,0.843969846239,0.649970739028,1],"ix":4},"o":{"a":0,"k":100,"ix":5},"r":1,"bm":0,"nm":"Fill 1","mn":"ADBE Vector Graphic - Fill","hd":false},{"ty":"tr","p":{"a":0,"k":[853.085,1063.688],"ix":2},"a":{"a":0,"k":[0,0],"ix":1},"s":{"a":0,"k":[100,100],"ix":3},"r":{"a":0,"k":0,"ix":6},"o":{"a":0,"k":100,"ix":7},"sk":{"a":0,"k":0,"ix":4},"sa":{"a":0,"k":0,"ix":5},"nm":"Transform"}],"nm":"Group 45","np":2,"cix":2,"bm":0,"ix":45,"mn":"ADBE Vector Group","hd":false},{"ty":"gr","it":[{"ind":0,"ty":"sh","ix":1,"ks":{"a":0,"k":{"i":[[39.336,17.083],[3.58,17.93],[-21.656,9.522],[-31.85,-5.654],[-8.223,10.058],[-12.982,0.508],[-44.75,-11.428],[-7.455,-12.481],[19.384,-8.337],[20.825,3.394],[10.756,-16.125],[26.101,0.378]],"o":[[-16.771,-7.283],[-4.633,-23.198],[29.611,-13.02],[-12.98,-0.56],[8.224,-10.058],[46.15,-1.811],[14.085,3.597],[10.822,18.113],[-19.383,8.336],[14.695,12.641],[-16.374,24.55],[-42.871,-0.622]],"v":[[-131.718,58.027],[-169.994,21.858],[-130.949,-30.765],[-35.987,-42.146],[-45.184,-72.233],[-9.659,-85.078],[126.757,-63.945],[163.805,-43.248],[141.398,7.938],[79.024,9.633],[86.241,62.339],[-6.767,84.819]],"c":true},"ix":2},"nm":"Path 1","mn":"ADBE Vector Shape - Group","hd":false},{"ty":"fl","c":{"a":0,"k":[0.294688146255,0.183301589068,0.057126460356,1],"ix":4},"o":{"a":0,"k":100,"ix":5},"r":1,"bm":0,"nm":"Fill 1","mn":"ADBE Vector Graphic - Fill","hd":false},{"ty":"tr","p":{"a":0,"k":[1066.851,1385.292],"ix":2},"a":{"a":0,"k":[0,0],"ix":1},"s":{"a":0,"k":[100,100],"ix":3},"r":{"a":0,"k":0,"ix":6},"o":{"a":0,"k":100,"ix":7},"sk":{"a":0,"k":0,"ix":4},"sa":{"a":0,"k":0,"ix":5},"nm":"Transform"}],"nm":"Group 46","np":2,"cix":2,"bm":0,"ix":46,"mn":"ADBE Vector Group","hd":false},{"ty":"gr","it":[{"ind":0,"ty":"sh","ix":1,"ks":{"a":0,"k":{"i":[[-86.128,28.931],[-13.128,6.259],[50.101,8.286],[71.981,-1.933],[14.008,-59.8],[-50.826,-4.99]],"o":[[13.64,-4.581],[121.736,-58.033],[-71.145,-11.766],[-44.757,1.203],[-20.596,87.925],[91.222,8.958]],"v":[[195.82,62.281],[235.997,46.071],[139.177,-77.182],[-77.289,-88.69],[-337.137,-31.412],[-76.815,79.736]],"c":true},"ix":2},"nm":"Path 1","mn":"ADBE Vector Shape - Group","hd":false},{"ty":"fl","c":{"a":0,"k":[0.294688146255,0.183301589068,0.057126460356,1],"ix":4},"o":{"a":0,"k":100,"ix":5},"r":1,"bm":0,"nm":"Fill 1","mn":"ADBE Vector Graphic - Fill","hd":false},{"ty":"tr","p":{"a":0,"k":[775.476,1328.571],"ix":2},"a":{"a":0,"k":[0,0],"ix":1},"s":{"a":0,"k":[100,100],"ix":3},"r":{"a":0,"k":0,"ix":6},"o":{"a":0,"k":100,"ix":7},"sk":{"a":0,"k":0,"ix":4},"sa":{"a":0,"k":0,"ix":5},"nm":"Transform"}],"nm":"Group 47","np":2,"cix":2,"bm":0,"ix":47,"mn":"ADBE Vector Group","hd":false},{"ty":"gr","it":[{"ind":0,"ty":"sh","ix":1,"ks":{"a":0,"k":{"i":[[0,0],[0,0],[0,0],[0,0]],"o":[[0,0],[0,0],[0,0],[0,0]],"v":[[-845.641,845.641],[845.641,845.641],[845.641,-845.641],[-845.641,-845.641]],"c":true},"ix":2},"nm":"Path 1","mn":"ADBE Vector Shape - Group","hd":false},{"ty":"fl","c":{"a":0,"k":[0.394118544635,0.249708168179,0.091237281351,1],"ix":4},"o":{"a":0,"k":100,"ix":5},"r":1,"bm":0,"nm":"Fill 1","mn":"ADBE Vector Graphic - Fill","hd":false},{"ty":"tr","p":{"a":0,"k":[845.641,845.64],"ix":2},"a":{"a":0,"k":[0,0],"ix":1},"s":{"a":0,"k":[100,100],"ix":3},"r":{"a":0,"k":0,"ix":6},"o":{"a":0,"k":100,"ix":7},"sk":{"a":0,"k":0,"ix":4},"sa":{"a":0,"k":0,"ix":5},"nm":"Transform"}],"nm":"Group 48","np":2,"cix":2,"bm":0,"ix":48,"mn":"ADBE Vector Group","hd":false}],"ip":0,"op":11998.8,"st":0,"bm":0}]}],"layers":[{"ddd":0,"ind":1,"ty":0,"nm":"Pre-comp 1","refId":"comp_0","sr":1,"ks":{"o":{"a":0,"k":100,"ix":11},"r":{"a":0,"k":0,"ix":10},"p":{"a":0,"k":[500,500,0],"ix":2},"a":{"a":0,"k":[60,60,0],"ix":1},"s":{"a":0,"k":[833.333,833.333,100],"ix":6}},"ao":0,"w":120,"h":120,"ip":0,"op":60,"st":0,"bm":0}],"markers":[]}