{"v":"5.4.2","fr":29.9700012207031,"ip":0,"op":50.0000020365418,"w":500,"h":500,"nm":"Lock","ddd":0,"assets":[],"layers":[{"ddd":0,"ind":1,"ty":4,"nm":"lock Outlines - Group 1","sr":1,"ks":{"o":{"a":0,"k":100,"ix":11},"r":{"a":1,"k":[{"i":{"x":[0.667],"y":[1]},"o":{"x":[0.333],"y":[0]},"n":["0p667_1_0p333_0"],"t":0,"s":[0],"e":[-9]},{"i":{"x":[0.667],"y":[1]},"o":{"x":[0.333],"y":[0]},"n":["0p667_1_0p333_0"],"t":12,"s":[-9],"e":[0]},{"i":{"x":[0.667],"y":[1]},"o":{"x":[0.333],"y":[0]},"n":["0p667_1_0p333_0"],"t":20,"s":[0],"e":[0]},{"t":49.0000019958109}],"ix":10},"p":{"a":0,"k":[275.583,245.794,0],"ix":2},"a":{"a":0,"k":[338.661,382.715,0],"ix":1},"s":{"a":0,"k":[58,58,100],"ix":6}},"ao":0,"shapes":[{"ty":"gr","it":[{"ind":0,"ty":"sh","ix":1,"ks":{"a":0,"k":{"i":[[6.287,-2.603],[0,0],[0,0],[0,0],[0,7.228],[-9.574,0],[0,-9.574]],"o":[[0,0],[0,0],[0,0],[-6.286,-2.603],[0,-9.574],[9.574,0],[0,7.228]],"v":[[6.623,3.264],[10.908,36.09],[-10.907,36.09],[-6.623,3.264],[-17.335,-12.756],[0,-30.091],[17.336,-12.756]],"c":true},"ix":2},"nm":"Path 1","mn":"ADBE Vector Shape - Group","hd":false},{"ind":1,"ty":"sh","ix":2,"ks":{"a":0,"k":{"i":[[38.741,0],[0,-38.741],[-38.74,0],[0,38.741]],"o":[[-38.74,0],[0,38.741],[38.741,0],[0,-38.741]],"v":[[0,-70.146],[-70.146,0],[0,70.146],[70.146,0]],"c":true},"ix":2},"nm":"Path 2","mn":"ADBE Vector Shape - Group","hd":false},{"ty":"mm","mm":1,"nm":"Merge Paths 1","mn":"ADBE Vector Filter - Merge","hd":false},{"ty":"fl","c":{"a":0,"k":[0.09803921568627451,0.6705882352941176,0.9803921568627451,1],"ix":4},"o":{"a":0,"k":100,"ix":5},"r":1,"nm":"Fill 1","mn":"ADBE Vector Graphic - Fill","hd":false},{"ty":"tr","p":{"a":0,"k":[299.006,418.922],"ix":2},"a":{"a":0,"k":[0,0],"ix":1},"s":{"a":0,"k":[100,100],"ix":3},"r":{"a":0,"k":0,"ix":6},"o":{"a":0,"k":100,"ix":7},"sk":{"a":0,"k":0,"ix":4},"sa":{"a":0,"k":0,"ix":5},"nm":"Transform"}],"nm":"Group 1","np":4,"cix":2,"ix":1,"mn":"ADBE Vector Group","hd":false}],"ip":0,"op":180.00000733155,"st":0,"bm":0},{"ddd":0,"ind":2,"ty":4,"nm":"lock Outlines - Group 2","sr":1,"ks":{"o":{"a":0,"k":100,"ix":11},"r":{"a":1,"k":[{"i":{"x":[0.268],"y":[1]},"o":{"x":[0.333],"y":[0]},"n":["0p268_1_0p333_0"],"t":0,"s":[0],"e":[43]},{"i":{"x":[0.168],"y":[1]},"o":{"x":[0.333],"y":[0]},"n":["0p168_1_0p333_0"],"t":12,"s":[43],"e":[0]},{"i":{"x":[0.168],"y":[1]},"o":{"x":[0.167],"y":[0]},"n":["0p168_1_0p167_0"],"t":20,"s":[0],"e":[0]},{"t":49.0000019958109}],"ix":10},"p":{"a":0,"k":[279.844,242.912,0],"ix":2},"a":{"a":0,"k":[346.006,377.746,0],"ix":1},"s":{"a":0,"k":[58,58,100],"ix":6}},"ao":0,"shapes":[{"ty":"gr","it":[{"ind":0,"ty":"sh","ix":1,"ks":{"a":0,"k":{"i":[[0,0],[0,0],[-25.427,0],[0,-25.427],[0,0]],"o":[[0,0],[0,-25.427],[25.427,0],[0,0],[0,0]],"v":[[-46.04,51.622],[-46.04,-5.582],[0,-51.622],[46.04,-5.582],[46.04,51.622]],"c":false},"ix":2},"nm":"Path 1","mn":"ADBE Vector Shape - Group","hd":false},{"ty":"st","c":{"a":0,"k":[0.24705882352941178,0.8549019607843137,0.9450980392156862,1],"ix":3},"o":{"a":0,"k":100,"ix":4},"w":{"a":0,"k":17,"ix":5},"lc":2,"lj":1,"ml":10,"ml2":{"a":0,"k":10,"ix":8},"nm":"Stroke 1","mn":"ADBE Vector Graphic - Stroke","hd":false},{"ty":"tr","p":{"a":0,"k":[299.006,325.746],"ix":2},"a":{"a":0,"k":[0,0],"ix":1},"s":{"a":0,"k":[100,100],"ix":3},"r":{"a":0,"k":0,"ix":6},"o":{"a":0,"k":100,"ix":7},"sk":{"a":0,"k":0,"ix":4},"sa":{"a":0,"k":0,"ix":5},"nm":"Transform"}],"nm":"Group 2","np":2,"cix":2,"ix":1,"mn":"ADBE Vector Group","hd":false}],"ip":0,"op":180.00000733155,"st":0,"bm":0}],"markers":[]}